Keyword,Angle,Location,Language,Jan-2024,Feb-2024,Mar-2024,Apr-2024,May-2024,Jun-2024,Jul-2024,Aug-2024,Sep-2024,Oct-2024,Nov-2024,Dec-2024,Jan-2025,Feb-2025,Mar-2025,Apr-2025,May-2025,Jun-2025,Jul-2025,Aug-2025,Sep-2025,Oct-2025,Nov-2025,Dec-2025,Competition
lotte finance,Brand,Vietnam,VI,9900,4400,6600,6600,8100,9900,9900,9900,8100,9900,9900,9900,8100,6600,9900,9900,12100,9900,9900,9900,9900,12100,12100,12100,MEDIUM(54)
lottefinance,Brand,Vietnam,VI,9900,4400,6600,6600,8100,9900,9900,9900,8100,9900,9900,9900,8100,6600,9900,9900,12100,9900,9900,9900,9900,12100,12100,12100,MEDIUM(54)
vay lotte,Brand,Vietnam,VI,1600,720,1000,1000,1300,1300,1300,1300,1300,1300,1600,1600,1000,880,1000,1000,1300,1300,1300,1000,1000,1000,1000,1000,HIGH(69)
ngân hàng lotte,Brand,Vietnam,VI,1000,390,880,720,880,880,880,880,720,880,880,880,590,480,720,590,720,720,880,590,720,720,590,720,LOW(25)
lotte finance vay tiêu dùng,Brand,Vietnam,VI,880,480,880,720,720,590,720,590,480,480,390,480,390,260,320,390,480,390,480,390,390,480,390,320,HIGH(69)
công ty tài chính lotte,Brand,Vietnam,VI,590,390,480,480,590,390,590,480,480,590,590,590,390,320,390,390,480,480,590,480,390,390,320,390,LOW(22)
lotte finance của ngân hàng nào,Brand,Vietnam,VI,210,90,170,210,320,390,480,390,390,480,390,320,210,260,320,390,480,480,720,590,720,720,720,720,MEDIUM(34)
vay lotte finance,Brand,Vietnam,VI,320,140,170,210,320,390,480,390,320,320,390,390,480,480,880,720,390,320,390,390,390,390,390,480,HIGH(67)
lotte finance app,Brand,Vietnam,VI,40,10,40,90,90,140,170,170,210,170,260,320,260,210,320,480,480,480,590,480,720,480,90,480,MEDIUM(47)
tài chính lotte,Brand,Vietnam,VI,390,140,320,260,210,210,320,260,210,210,260,260,170,140,140,210,260,210,260,260,260,140,140,140,MEDIUM(42)
lãi suất vay lotte finance,Brand,Vietnam,VI,210,90,260,210,260,170,210,260,260,210,210,210,140,110,140,140,110,110,170,90,140,170,110,140,MEDIUM(44)
công ty tài chính lotte finance,Brand,Vietnam,VI,210,140,170,170,210,170,140,170,140,140,140,170,110,110,140,170,260,170,210,170,170,170,210,260,LOW(23)
ngân hàng lotte finance,Brand,Vietnam,VI,90,50,70,70,140,90,170,110,170,260,140,110,140,110,210,210,260,210,260,260,210,110,90,260,MEDIUM(35)
cty tài chính lotte,Brand,Vietnam,VI,320,110,170,210,170,210,170,170,140,170,170,170,110,90,110,140,140,170,170,140,110,170,110,110,LOW(29)
lotte app,Brand,Vietnam,VI,170,210,110,140,110,140,140,140,140,110,70,110,140,110,110,90,140,110,170,210,170,140,170,210,LOW(1)
app lotte,Brand,Vietnam,VI,170,210,110,140,110,140,140,140,140,110,70,110,140,110,110,90,140,110,170,210,170,140,170,210,LOW(1)
tài app lotte finance,Brand,Vietnam,VI,90,40,50,50,90,90,170,90,50,90,110,90,70,70,210,210,210,260,260,210,260,170,140,140,LOW(20)
tải app lotte finance,Brand,Vietnam,VI,90,40,50,50,90,90,170,90,50,90,110,90,70,70,210,210,210,260,260,210,260,170,140,140,LOW(20)
thẻ tín dụng lotte finance,Brand,Vietnam,VI,210,110,140,140,110,140,110,140,140,170,170,140,140,110,90,110,90,110,140,140,140,140,110,140,MEDIUM(43)
công ty lotte finance,Brand,Vietnam,VI,140,70,140,110,140,90,110,110,90,110,110,110,90,110,110,110,140,110,140,140,140,110,110,90,LOW(12)
app lotte mart,Brand,Vietnam,VI,140,90,90,90,90,110,90,110,140,90,110,90,110,70,90,70,70,50,90,110,70,90,140,110,LOW(7)
app lotte cinema,Brand,Vietnam,VI,30,260,110,110,110,70,90,70,40,40,30,30,70,140,50,70,110,50,70,170,140,50,50,70,LOW(0)
app lotte finance,Brand,Vietnam,VI,90,50,70,50,70,50,70,110,70,90,90,70,70,50,70,70,70,140,90,110,110,90,110,110,LOW(30)
lotte cinema app,Brand,Vietnam,VI,30,170,70,70,90,50,70,70,30,50,40,50,90,140,30,70,110,90,110,170,140,30,40,70,LOW(0)
lãi suất lotte finance,Brand,Vietnam,VI,90,40,40,30,20,90,70,110,50,90,90,70,70,50,70,90,110,70,90,90,90,50,70,70,LOW(32)
lotte tài chính,Brand,Vietnam,VI,90,40,90,90,70,70,70,70,50,50,70,50,40,50,70,70,50,70,70,50,50,70,50,70,MEDIUM(44)
lotte mart app,Brand,Vietnam,VI,40,40,40,30,50,50,70,50,50,50,50,70,70,50,70,70,70,70,90,50,50,110,70,90,LOW(6)
ngan hang lotte,Brand,Vietnam,VI,90,40,90,90,90,70,40,20,50,50,140,110,90,40,40,50,50,30,30,40,30,50,50,30,MEDIUM(44)
cty tài chính lotte finance,Brand,Vietnam,VI,70,40,40,70,70,50,50,50,50,40,50,90,50,30,30,40,50,50,70,70,40,70,90,110,MEDIUM(37)
vay tín chấp lotte,Brand,Vietnam,VI,90,40,50,40,50,90,70,90,70,70,70,50,50,40,40,90,30,40,50,50,50,70,40,30,MEDIUM(63)
lotte finance cho vay,Brand,Vietnam,VI,20,10,10,10,10,20,20,50,480,260,40,30,20,20,30,50,10,10,10,30,40,50,20,20,MEDIUM(40)
vay vốn lotte,Brand,Vietnam,VI,90,40,70,70,50,70,70,50,70,70,50,70,20,40,50,50,50,30,40,40,30,50,50,40,MEDIUM(43)
lotte finance thẻ tín dụng,Brand,Vietnam,VI,30,10,20,20,40,30,40,70,50,70,70,90,40,50,50,50,30,50,70,40,50,50,70,40,LOW(21)
ngân hàng lotte credit,Brand,Vietnam,VI,20,10,10,50,170,50,40,20,10,20,170,90,30,10,30,70,50,30,20,20,50,30,10,30,MEDIUM(50)
cty lotte finance,Brand,Vietnam,VI,30,20,40,20,30,30,40,30,50,30,30,40,30,30,30,30,50,30,50,40,50,50,40,50,LOW(33)
shinhan lotte,Brand,Vietnam,VI,30,20,50,40,40,50,50,40,50,40,40,50,50,30,30,40,40,20,40,10,20,20,20,30,LOW(13)
tín dụng lotte,Brand,Vietnam,VI,50,20,40,40,40,50,30,40,30,30,40,40,30,30,30,20,30,10,30,40,20,30,20,20,MEDIUM(49)
ngân hàng lotte cho vay,Brand,Vietnam,VI,30,50,110,50,10,30,40,10,10,20,50,10,20,10,20,20,40,10,10,50,20,90,10,10,MEDIUM(60)
tài chính lotte finance,Brand,Vietnam,VI,40,10,20,20,10,50,20,20,20,30,30,20,10,30,40,50,40,40,20,20,20,50,70,50,MEDIUM(47)
lotte ngân hàng,Brand,Vietnam,VI,40,20,30,30,30,30,40,30,30,40,40,30,20,20,30,30,20,40,30,20,40,10,30,40,LOW(26)
vay tín chấp lotte finance,Brand,Vietnam,VI,50,30,90,50,30,20,20,10,10,20,40,10,10,10,10,20,30,40,30,30,10,30,40,70,HIGH(70)
lottefinance vn,Brand,Vietnam,VI,30,10,20,20,30,40,20,20,20,20,30,20,30,20,30,20,30,30,30,30,30,40,50,70,MEDIUM(40)
ngân hàng tài chính lotte,Brand,Vietnam,VI,40,20,30,50,40,10,40,40,20,30,20,30,20,10,10,20,10,20,20,20,30,20,20,10,MEDIUM(38)
vay ngân hàng lotte,Brand,Vietnam,VI,30,10,30,30,20,20,30,30,20,30,30,30,10,20,20,20,50,20,20,20,30,20,10,10,MEDIUM(38)
lotte vay tín chấp,Brand,Vietnam,VI,70,10,20,10,10,20,20,90,10,20,20,90,20,10,10,20,10,20,10,10,10,10,10,10,HIGH(74)
vay online lotte finance,Brand,Vietnam,VI,10,10,10,10,20,10,20,20,30,20,20,20,20,20,20,20,30,20,10,30,20,30,70,50,MEDIUM(64)
cho vay lotte,Brand,Vietnam,VI,30,10,20,20,20,20,30,30,20,30,30,20,10,20,20,20,30,20,30,30,20,20,10,10,MEDIUM(41)
vay tín dụng lotte,Brand,Vietnam,VI,30,20,30,30,30,30,20,20,30,20,20,20,30,20,10,10,20,20,20,20,20,10,20,20,HIGH(78)
vay vốn lotte finance,Brand,Vietnam,VI,10,10,20,30,20,10,30,30,20,30,10,20,20,20,10,30,40,20,20,20,20,40,20,20,HIGH(68)
vay tiêu dùng lotte finance,Brand,Vietnam,VI,20,10,20,20,50,20,20,10,20,20,20,20,20,10,10,10,10,10,20,30,20,20,20,30,HIGH(72)
vay tài chính lotte,Brand,Vietnam,VI,30,10,10,20,20,10,20,20,10,10,10,20,20,10,10,10,10,20,50,40,40,20,20,20,HIGH(74)
mở thẻ tín dụng lotte finance,Brand,Vietnam,VI,10,10,10,10,10,10,20,10,10,10,10,10,10,10,10,20,30,20,30,30,40,20,40,20,HIGH(81)
vay tien lotte,Brand,Vietnam,VI,20,10,10,10,10,30,20,30,20,20,10,20,10,20,20,10,20,30,10,10,10,20,20,10,MEDIUM(61)
lãi suất của lotte finance,Brand,Vietnam,VI,30,10,10,20,20,20,20,20,20,20,20,20,10,20,10,10,10,10,10,10,20,20,10,20,MEDIUM(40)
vay tiền bên lotte,Brand,Vietnam,VI,30,10,10,20,10,10,10,40,20,10,20,20,10,20,10,20,20,20,20,10,20,10,10,10,MEDIUM(50)
lotte công ty tài chính,Brand,Vietnam,VI,20,10,10,10,20,10,10,20,10,20,20,20,10,10,10,10,10,20,30,20,20,30,20,10,MEDIUM(38)
lotte finance com,Brand,Vietnam,VI,10,10,10,10,10,10,0,0,0,10,20,10,10,10,10,30,20,20,20,30,20,30,30,30,MEDIUM(34)
app vay tiền lotte,Brand,Vietnam,VI,10,10,10,20,10,10,20,10,10,20,10,20,10,10,10,20,30,20,10,10,10,10,20,10,HIGH(68)
vay lotte fin,Brand,Vietnam,VI,30,10,10,10,10,10,70,10,10,10,10,10,10,10,10,10,10,10,10,10,10,10,10,10,MEDIUM(57)
lotte finance lãi suất,Brand,Vietnam,VI,10,10,10,20,20,10,10,10,10,30,20,10,20,10,10,10,10,10,10,10,10,10,10,20,LOW(27)
vay tiền tại lotte finance,Brand,Vietnam,VI,10,10,10,10,10,20,10,10,10,10,20,10,10,10,10,20,10,20,10,10,20,10,20,10,MEDIUM(62)
vay tiền mặt lotte,Brand,Vietnam,VI,10,10,20,20,20,20,10,10,10,10,10,10,10,10,10,10,10,10,10,10,10,10,10,10,HIGH(81)
công ty tnhh lotte finance,Brand,Vietnam,VI,10,10,10,10,10,10,10,10,10,10,10,30,10,10,10,10,10,10,10,10,10,20,10,10,LOW(14)
ngan hang lotte finance,Brand,Vietnam,VI,20,10,10,10,10,10,10,10,10,10,10,10,10,10,10,10,10,10,10,10,10,10,20,10,LOW(33)
sản phẩm vay lotte finance,Brand,Vietnam,VI,10,10,10,10,10,10,10,10,10,10,10,10,10,10,20,10,10,10,10,10,10,10,10,10,LOW(29)
vay tiền ngân hàng lotte,Brand,Vietnam,VI,20,10,10,10,10,10,10,10,10,10,10,10,10,10,10,10,10,10,10,10,10,10,10,10,MEDIUM(54)
app mua hàng lotte mart,Brand,Vietnam,VI,10,10,10,10,10,10,10,10,10,10,10,10,10,10,10,10,10,10,10,10,10,10,10,10,LOW(24)
công ty tnhh mtv lotte finance,Brand,Vietnam,VI,10,10,10,10,10,10,10,10,10,10,10,10,10,10,10,10,10,10,10,10,10,10,10,10,LOW(0)
lotte finance apk,Brand,Vietnam,VI,10,10,10,10,0,10,10,20,10,10,10,10,10,10,10,10,10,10,10,10,10,10,10,10,LOW(9)
ngân hàng lotte mart,Brand,Vietnam,VI,10,10,10,10,10,10,10,0,10,10,0,10,10,10,10,10,10,10,10,10,10,30,10,10,LOW(2)
công ty tnhh tài chính lotte finance,Brand,Vietnam,VI,10,10,10,0,10,10,10,10,10,10,10,10,10,10,10,10,10,10,10,10,10,10,10,10,LOW(16)
ngân hàng shinhan lotte,Brand,Vietnam,VI,10,10,10,10,10,10,10,10,10,10,10,10,10,0,10,10,10,10,10,10,10,10,10,10,LOW(0)
tập đoàn tài chính lotte,Brand,Vietnam,VI,10,10,10,10,10,10,10,10,10,10,10,10,10,10,10,10,10,10,0,10,10,10,10,10,LOW(29)
vay vốn ngân hàng lotte,Brand,Vietnam,VI,10,10,10,10,10,10,10,10,10,10,10,10,10,10,10,10,10,10,10,10,0,10,10,10,MEDIUM(43)
công ty tài chính tnhh một thành viên lotte finance,Brand,Vietnam,VI,10,10,10,10,0,10,10,10,10,10,10,10,10,0,10,10,10,10,10,10,10,10,10,10,LOW(29)
lotte finance visa,Brand,Vietnam,VI,10,10,10,0,10,10,10,10,10,10,10,10,10,10,10,10,0,10,10,10,10,10,10,10,LOW(11)
trả góp lotte,Brand,Vietnam,VI,10,10,10,10,10,10,10,10,10,10,10,10,10,10,10,10,10,10,10,10,0,0,10,10,LOW(29)
thẻ tín dụng của lotte finance,Brand,Vietnam,VI,10,10,10,10,10,10,10,10,10,10,10,10,10,10,10,10,0,10,10,10,0,10,0,10,LOW(7)
vay tín chấp ngân hàng lotte,Brand,Vietnam,VI,10,10,10,10,10,10,10,10,10,10,10,10,0,0,10,10,10,10,10,10,10,10,10,0,HIGH(86)
ngân hàng lotte fin,Brand,Vietnam,VI,0,0,10,0,10,10,10,10,10,10,10,0,10,10,10,10,10,10,10,10,10,10,10,10,LOW(29)
lotte apk,Brand,Vietnam,VI,10,0,10,10,10,10,0,10,10,0,0,10,0,10,10,10,10,10,10,10,10,10,10,10,LOW(0)
điều kiện mở the tín dụng lotte finance,Brand,Vietnam,VI,10,10,10,10,10,10,0,10,10,10,10,10,10,10,10,0,0,0,10,10,10,10,0,10,UNSPECIFIED
app mua hàng lotte,Brand,Vietnam,VI,10,10,10,10,0,0,10,0,10,10,10,10,10,0,10,10,10,10,0,10,10,0,10,10,UNSPECIFIED
https uploadinfo lottefinance vn lfvn,Brand,Vietnam,VI,10,0,10,10,10,10,20,10,10,10,10,10,10,10,10,10,0,0,10,0,0,0,0,10,UNSPECIFIED
công ty tài chính lotte hàn quốc,Brand,Vietnam,VI,30,10,10,10,10,10,0,10,10,10,10,0,0,10,10,10,0,0,0,0,10,10,0,0,UNSPECIFIED
thanh toán vay tiêu dùng lotte,Brand,Vietnam,VI,10,0,10,10,10,10,10,10,10,0,0,10,10,0,0,10,10,0,0,10,0,10,0,10,UNSPECIFIED
vay lotte credit,Brand,Vietnam,VI,10,0,10,0,10,10,10,10,10,10,0,0,10,0,10,10,0,0,10,10,0,0,0,0,HIGH(67)
lotte fin cho vay,Brand,Vietnam,VI,10,0,10,0,10,0,10,10,0,0,10,0,10,0,0,0,0,10,0,0,10,0,0,0,UNSPECIFIED
vay theo lịch sử tín dụng lotte,Brand,Vietnam,VI,10,0,10,10,0,0,10,0,0,0,10,0,0,0,0,0,0,0,10,10,10,0,10,0,HIGH(71)
vay tiền tài chính lotte,Brand,Vietnam,VI,0,0,10,0,0,0,0,0,0,0,0,0,0,10,10,10,0,10,10,10,0,0,10,10,HIGH(86)
công ty tài chính lotte credit,Brand,Vietnam,VI,0,0,10,0,0,10,10,10,0,0,0,10,0,0,0,10,0,0,10,0,0,0,0,0,UNSPECIFIED
vay tiền lotte credit,Brand,Vietnam,VI,0,10,0,0,0,0,0,0,0,0,0,0,10,10,0,0,0,10,10,0,0,10,10,0,UNSPECIFIED
công ty lotte credit,Brand,Vietnam,VI,10,0,10,0,0,0,0,10,0,0,0,0,0,0,10,0,0,0,10,0,0,0,0,0,UNSPECIFIED
the tín dụng lotte có tốt không,Brand,Vietnam,VI,10,10,0,10,0,0,10,0,0,0,0,0,0,0,0,0,0,0,10,0,0,0,0,0,UNSPECIFIED
cty tài chính lotte credit,Brand,Vietnam,VI,10,10,10,0,0,0,0,0,0,0,0,0,0,0,0,0,0,10,0,0,0,0,0,0,UNSPECIFIED
tài chính lotte credit,Brand,Vietnam,VI,0,0,0,0,0,0,0,0,0,0,0,0,0,10,0,0,10,0,0,10,0,0,0,0,UNSPECIFIED
làm the tín dụng lotte,Brand,Vietnam,VI,0,0,0,10,10,0,0,0,0,0,0,0,0,0,0,0,0,0,0,0,0,0,0,0,UNSPECIFIED
the tín dụng lotte finance,Brand,Vietnam,VI,0,0,0,0,0,0,0,0,0,10,0,0,0,0,0,10,0,0,0,0,0,0,0,0,UNSPECIFIED
cty lotte credit,Brand,Vietnam,VI,10,0,0,0,0,0,0,0,0,0,0,0,0,0,0,0,0,0,0,0,0,0,0,0,UNSPECIFIED
lotte finance có uy tín không,Product,Vietnam,VI,30,10,10,20,30,90,70,110,140,260,320,390,210,110,260,320,260,320,320,390,590,590,1000,880,LOW(28)
vay tiền lotte,Product,Vietnam,VI,320,170,260,210,260,260,320,210,170,170,320,260,210,170,210,210,260,210,210,210,170,210,210,170,MEDIUM(61)
vay lotte finance dễ không,Product,Vietnam,VI,170,70,140,210,320,260,170,390,320,260,170,170,320,320,140,320,110,140,110,50,170,320,320,320,MEDIUM(62)
vay tiền lotte finance có an toàn không,Product,Vietnam,VI,260,110,140,170,260,260,320,260,140,170,110,140,140,90,110,110,140,140,140,110,140,110,110,140,LOW(27)
điều kiện vay lotte finance,Product,Vietnam,VI,110,50,70,110,90,110,210,170,140,170,170,170,140,110,170,140,170,210,170,170,170,110,170,170,MEDIUM(42)
quy trình thẩm định lotte finance,Product,Vietnam,VI,170,70,110,140,110,110,110,90,110,110,110,90,70,70,90,90,50,40,50,30,50,50,70,50,LOW(6)
kiểm tra hồ sơ vay lotte,Product,Vietnam,VI,110,70,110,90,110,110,140,140,70,70,90,70,70,40,70,70,70,50,50,30,40,30,30,10,LOW(0)
vay tiền lotte finance,Product,Vietnam,VI,170,90,70,90,70,50,90,90,110,140,70,40,40,40,50,70,50,50,30,50,50,70,50,70,HIGH(74)
lotte vay tiền,Product,Vietnam,VI,50,30,30,30,20,40,50,40,40,50,50,30,40,30,50,140,260,70,50,40,40,40,140,110,HIGH(72)
kiểm tra khoản vay lotte,Product,Vietnam,VI,70,40,70,40,70,50,50,50,50,70,50,50,40,50,50,50,50,50,50,70,50,70,40,30,LOW(3)
cách vay lotte finance,Product,Vietnam,VI,50,30,40,30,30,40,30,40,30,50,70,50,20,30,40,50,40,50,40,50,70,70,90,110,MEDIUM(63)
đăng ký vay lotte finance,Product,Vietnam,VI,50,20,40,30,30,40,40,50,40,40,50,90,40,30,40,40,50,70,40,40,50,50,70,110,MEDIUM(58)
điều kiện vay lotte,Product,Vietnam,VI,40,10,40,40,70,70,70,70,40,70,70,50,30,20,50,40,50,50,30,40,40,50,50,50,MEDIUM(45)
cách kiểm tra khoản vay lotte finance,Product,Vietnam,VI,70,40,50,40,70,40,50,30,30,50,40,50,50,20,40,50,50,30,20,30,20,20,70,50,LOW(7)
kiểm tra khoản vay lotte finance,Product,Vietnam,VI,10,10,10,10,10,70,70,70,50,50,30,30,30,40,30,20,20,10,30,40,20,30,30,50,LOW(3)
thủ tục vay lotte finance,Product,Vietnam,VI,10,10,10,20,10,40,30,20,40,40,20,30,30,10,20,40,20,30,20,10,20,40,70,50,MEDIUM(61)
có nên vay lotte finance,Product,Vietnam,VI,20,10,20,30,30,30,40,30,50,30,30,20,10,20,20,10,30,30,30,10,30,20,40,40,MEDIUM(35)
lotte có cho vay tiền không,Product,Vietnam,VI,20,10,30,30,20,40,20,40,10,30,10,10,10,10,10,10,20,10,20,20,10,10,10,10,MEDIUM(50)
đăng ký vay lotte,Product,Vietnam,VI,20,20,10,10,20,20,20,10,10,10,10,10,30,10,10,10,10,10,10,10,10,10,10,20,HIGH(71)
vay tiền bên lotte finance,Product,Vietnam,VI,10,10,10,10,10,10,10,10,10,10,10,20,10,10,10,10,10,10,20,30,10,20,20,20,MEDIUM(36)
mở thẻ lotte finance,Product,Vietnam,VI,10,10,10,20,10,10,10,20,10,10,10,20,10,10,20,10,20,10,10,10,10,10,10,10,HIGH(86)
vay online lotte,Product,Vietnam,VI,30,10,20,10,10,20,10,10,10,10,10,10,10,10,10,10,10,20,10,10,10,10,10,10,HIGH(79)
vay tiền qua lotte finance,Product,Vietnam,VI,20,10,10,10,10,10,10,20,20,10,10,10,10,10,10,10,10,10,20,10,10,10,10,10,HIGH(80)
vay tiền online lotte,Product,Vietnam,VI,10,10,10,10,10,10,10,10,10,10,10,10,10,10,20,10,20,10,10,10,10,20,10,10,HIGH(73)
cách vay tiền lotte,Product,Vietnam,VI,10,10,10,10,10,10,10,10,10,10,10,10,10,10,10,10,10,10,10,10,10,10,10,10,UNSPECIFIED
vay tiền mặt lotte finance,Product,Vietnam,VI,10,10,10,10,10,10,10,10,10,10,10,10,10,10,10,10,10,10,10,10,10,10,10,10,HIGH(79)
lotte finance vay tiền,Product,Vietnam,VI,10,10,10,10,0,10,10,10,10,10,10,10,10,10,10,10,0,10,10,10,10,10,10,10,HIGH(71)
vay lotte có dễ không,Product,Vietnam,VI,10,10,0,10,10,10,10,10,0,10,10,10,10,10,10,10,10,10,10,10,10,10,10,10,MEDIUM(49)
thủ tục vay tiền lotte,Product,Vietnam,VI,20,10,10,10,10,10,10,10,10,10,10,10,10,10,10,10,10,10,10,0,0,0,10,0,MEDIUM(33)
thẻ vay lotte,Product,Vietnam,VI,10,10,10,0,10,0,10,10,10,10,0,10,10,10,0,0,10,10,10,0,0,0,0,10,MEDIUM(43)
vay tín chấp bên lotte,Product,Vietnam,VI,10,10,0,10,0,10,0,10,10,10,10,10,10,10,0,0,0,0,10,0,0,0,10,0,UNSPECIFIED
vay tiền trả góp lotte,Product,Vietnam,VI,10,0,0,0,0,10,10,0,10,0,10,10,0,0,0,0,0,0,0,0,0,10,0,10,UNSPECIFIED
cho vay tiền lotte,Product,Vietnam,VI,0,0,0,0,0,0,10,10,0,0,0,10,0,0,10,0,0,0,10,0,10,0,10,0,HIGH(86)
vay lotte app,Product,Vietnam,VI,,,,,,,,,,,,,,,,,,,,,,,,,UNSPECIFIED
vay online lotte app,Product,Vietnam,VI,,,,,,,,,,,,,,,,,,,,,,,,,UNSPECIFIED
home credit,Competitor_HomeCredit,Vietnam,VI,90500,49500,74000,74000,74000,74000,60500,110000,135000,135000,165000,135000,74000,60500,60500,60500,60500,60500,60500,60500,49500,49500,49500,49500,MEDIUM(44)
vay home credit,Competitor_HomeCredit,Vietnam,VI,6600,3600,4400,4400,4400,4400,4400,4400,4400,4400,4400,4400,3600,2900,4400,3600,3600,3600,3600,3600,3600,3600,3600,3600,MEDIUM(64)
home credit online,Competitor_HomeCredit,Vietnam,VI,2400,1900,2400,2900,2900,2400,1900,3600,3600,3600,3600,4400,2900,2400,2400,2900,2900,2900,3600,3600,2900,2900,3600,3600,LOW(13)
home credit app,Competitor_HomeCredit,Vietnam,VI,170,90,140,110,170,170,170,3600,5400,6600,8100,9900,2400,1000,880,720,880,390,390,390,390,480,590,590,MEDIUM(38)
vaytienmat homecredit,Competitor_HomeCredit,Vietnam,VI,1600,1000,1300,1300,1600,1600,1900,1600,1600,1900,1900,1900,1600,1300,1900,1900,1900,1900,1900,1900,1600,1900,1900,1900,LOW(31)
vay tiền mặt home credit,Competitor_HomeCredit,Vietnam,VI,4400,2400,2900,2900,2400,2900,1900,2400,1900,1600,1900,1600,1300,880,1300,880,880,880,880,720,720,880,720,590,MEDIUM(50)
vay tiền home credit,Competitor_HomeCredit,Vietnam,VI,880,480,880,880,1000,1000,1600,1600,1600,1300,1600,1600,1300,1000,1300,1300,1300,1300,1300,1000,1000,880,880,880,MEDIUM(54)
kinh nghiệm vay tiền mặt home credit,Competitor_HomeCredit,Vietnam,VI,1900,1300,1900,1600,1600,1600,1300,1300,1000,1000,1000,1000,720,480,880,590,480,480,590,480,480,390,260,260,LOW(29)
app home credit,Competitor_HomeCredit,Vietnam,VI,320,170,260,260,320,390,260,2400,2900,2900,3600,3600,880,480,390,390,320,320,320,320,320,260,320,320,LOW(30)
ngân hàng home credit,Competitor_HomeCredit,Vietnam,VI,1600,880,1300,1300,1300,1000,1000,1000,880,1000,1000,880,720,590,880,590,720,720,720,720,720,720,720,720,LOW(31)
homecredit vn đăng nhập,Competitor_HomeCredit,Vietnam,VI,1000,880,880,880,880,720,590,1600,1900,1600,1600,1300,720,590,480,390,390,320,390,390,390,320,320,260,LOW(3)
vay theo cavet xe home credit,Competitor_HomeCredit,Vietnam,VI,480,260,390,390,390,320,320,320,720,260,390,260,9900,170,140,140,140,110,170,140,140,110,90,70,MEDIUM(62)
công ty home credit,Competitor_HomeCredit,Vietnam,VI,1000,480,880,720,720,720,720,720,720,590,880,590,390,480,480,480,480,480,480,480,480,480,480,480,LOW(14)
vay tiền homecredit,Competitor_HomeCredit,Vietnam,VI,2400,1000,1000,880,320,880,480,320,480,720,260,170,170,260,390,260,320,320,210,260,320,210,390,260,MEDIUM(50)
online homecredit vn,Competitor_HomeCredit,Vietnam,VI,590,480,390,480,480,320,390,880,880,880,720,720,590,260,320,320,260,210,390,390,390,390,480,480,LOW(7)
vay theo hợp đồng trả góp home credit,Competitor_HomeCredit,Vietnam,VI,1600,720,880,720,720,720,880,880,720,720,720,480,320,210,210,140,90,90,70,50,110,70,70,50,LOW(16)
lãi suất home credit,Competitor_HomeCredit,Vietnam,VI,720,390,480,480,390,480,480,480,480,480,480,590,390,390,590,390,390,390,390,480,320,320,320,320,LOW(30)
vay home,Competitor_HomeCredit,Vietnam,VI,880,320,390,480,480,320,480,480,480,390,390,480,320,260,320,320,320,320,390,320,390,320,390,390,HIGH(70)
công ty tài chính home credit,Competitor_HomeCredit,Vietnam,VI,880,320,590,590,480,480,480,480,390,480,590,390,260,260,390,260,260,260,320,320,320,260,260,260,LOW(25)
điều kiện vay home credit,Competitor_HomeCredit,Vietnam,VI,720,320,480,480,480,480,480,480,390,390,390,320,320,260,390,390,320,320,320,320,320,390,390,390,MEDIUM(36)
home app,Competitor_HomeCredit,Vietnam,VI,260,210,260,170,210,170,170,480,590,1000,1600,1900,390,210,260,260,170,170,170,170,140,170,140,140,LOW(17)
vay nhanh home credit,Competitor_HomeCredit,Vietnam,VI,590,260,320,390,480,480,480,390,320,320,320,480,390,260,320,320,390,390,390,390,320,320,390,590,LOW(0)
home credit vay,Competitor_HomeCredit,Vietnam,VI,480,210,260,260,320,320,320,210,210,210,320,590,390,320,320,320,320,590,590,390,480,480,590,590,MEDIUM(61)
trả góp home credit,Competitor_HomeCredit,Vietnam,VI,590,390,480,480,390,390,390,390,390,390,320,320,260,390,390,320,320,320,260,320,320,320,260,320,LOW(18)
vay tiền nhanh homecredit,Competitor_HomeCredit,Vietnam,VI,390,170,260,260,390,320,260,320,260,320,320,390,320,260,390,390,390,480,590,590,390,320,390,390,LOW(31)
vaytienmat homecredit vn sa code,Competitor_HomeCredit,Vietnam,VI,1000,390,390,390,590,590,480,480,390,320,260,390,320,260,210,170,210,320,320,210,170,210,170,320,LOW(25)
vay tiền nhanh home credit,Competitor_HomeCredit,Vietnam,VI,390,170,260,260,390,320,260,320,260,320,320,390,320,260,390,390,390,480,590,590,390,320,390,390,LOW(31)
vaytienmat homecredit vn,Competitor_HomeCredit,Vietnam,VI,320,260,260,210,320,320,320,260,260,260,260,390,320,170,210,210,260,320,480,320,320,390,320,390,MEDIUM(35)
square home,Competitor_HomeCredit,Vietnam,VI,140,140,320,260,140,260,390,320,210,390,320,320,390,260,480,390,390,480,320,170,140,170,210,210,LOW(23)
vaytiennhanh homecredit,Competitor_HomeCredit,Vietnam,VI,260,110,170,210,210,210,210,260,320,480,320,260,210,170,260,260,210,260,320,260,260,260,320,390,LOW(25)
vay tiêu dùng home credit,Competitor_HomeCredit,Vietnam,VI,590,210,320,210,260,260,260,320,260,260,320,260,210,170,210,140,170,210,170,170,170,210,170,170,MEDIUM(61)
home credit vay tiền,Competitor_HomeCredit,Vietnam,VI,260,110,320,390,320,210,210,260,260,260,260,260,210,70,140,170,170,210,260,170,210,90,50,70,MEDIUM(39)
lãi suất vay home credit,Competitor_HomeCredit,Vietnam,VI,320,170,210,210,210,170,210,210,210,210,260,210,210,210,210,170,170,170,140,140,140,170,170,170,MEDIUM(37)
vay tiền home,Competitor_HomeCredit,Vietnam,VI,320,140,260,260,320,210,170,210,170,210,260,260,210,140,170,170,140,210,210,140,140,140,90,110,MEDIUM(66)
vay tiền home credit online,Competitor_HomeCredit,Vietnam,VI,880,320,590,590,260,140,110,110,90,30,30,20,110,10,20,110,20,50,20,320,390,140,110,110,MEDIUM(63)
ngan hang homecredit,Competitor_HomeCredit,Vietnam,VI,70,90,210,70,90,210,260,260,260,260,320,320,210,170,210,140,170,140,140,110,140,170,170,140,MEDIUM(38)
cách vay home credit,Competitor_HomeCredit,Vietnam,VI,260,140,210,210,210,210,170,170,140,170,170,170,170,140,210,110,110,140,170,210,210,170,210,210,MEDIUM(58)
đăng ký vay home credit,Competitor_HomeCredit,Vietnam,VI,390,140,170,210,170,210,210,210,170,260,210,260,210,110,170,140,170,110,140,110,110,140,110,140,MEDIUM(66)
ngân hàng home,Competitor_HomeCredit,Vietnam,VI,170,110,140,170,210,210,170,170,140,210,210,210,110,140,140,110,140,170,170,170,170,140,140,170,LOW(28)
mi home app,Competitor_HomeCredit,Vietnam,VI,90,90,90,140,140,140,140,170,170,170,210,140,170,260,210,140,170,170,170,140,110,170,170,140,LOW(1)
vay online home credit,Competitor_HomeCredit,Vietnam,VI,320,170,260,210,210,210,170,210,170,210,170,210,140,90,110,90,90,90,110,90,70,110,110,90,MEDIUM(66)
vay tín chấp homecredit,Competitor_HomeCredit,Vietnam,VI,390,170,260,260,170,170,210,210,140,140,140,140,70,40,110,90,110,140,90,90,110,90,90,70,MEDIUM(67)
cách vay tiền home credit,Competitor_HomeCredit,Vietnam,VI,170,140,140,140,170,170,210,210,170,210,170,110,90,90,110,110,140,90,90,140,110,110,90,140,MEDIUM(65)
home credit vay tiền mặt,Competitor_HomeCredit,Vietnam,VI,260,170,210,170,260,260,210,140,140,140,170,110,70,70,50,110,70,50,70,90,70,90,70,260,MEDIUM(46)
vay home credit online,Competitor_HomeCredit,Vietnam,VI,210,70,140,170,210,210,110,210,170,90,70,110,70,40,110,40,40,40,50,40,260,590,70,110,MEDIUM(66)
app vay tiền home credit,Competitor_HomeCredit,Vietnam,VI,390,260,260,260,320,210,140,140,170,170,140,90,50,40,30,30,20,20,40,40,30,40,30,40,HIGH(67)
vay vốn home credit,Competitor_HomeCredit,Vietnam,VI,260,90,170,170,140,140,140,140,140,170,110,110,70,70,70,70,70,70,90,40,70,50,40,50,MEDIUM(35)
vay trả góp home credit,Competitor_HomeCredit,Vietnam,VI,170,90,110,110,140,140,140,140,140,110,110,140,110,70,110,90,90,70,70,70,70,70,90,70,MEDIUM(63)
vay tín dụng home credit,Competitor_HomeCredit,Vietnam,VI,170,70,140,140,170,110,110,110,110,140,140,140,70,70,70,70,50,70,70,70,110,90,90,70,MEDIUM(58)
vicohome,Competitor_HomeCredit,Vietnam,VI,140,170,210,210,170,140,90,110,90,110,90,110,50,110,70,70,70,50,50,70,50,110,50,40,LOW(16)
vay tiền mặt home,Competitor_HomeCredit,Vietnam,VI,210,50,70,70,90,50,110,90,110,110,90,50,70,50,90,90,70,170,140,140,90,90,70,70,MEDIUM(60)
vay tiền online home credit,Competitor_HomeCredit,Vietnam,VI,210,70,90,110,140,110,110,90,110,110,90,110,90,70,110,70,70,50,70,70,40,70,40,40,HIGH(74)
vay tiền home credit online có an toàn không,Competitor_HomeCredit,Vietnam,VI,210,70,90,90,90,170,90,70,70,70,70,170,90,70,90,70,50,50,50,40,70,110,90,70,LOW(25)
dịch vụ f88,Competitor_HomeCredit,Vietnam,VI,260,110,110,50,70,50,70,390,140,40,50,90,50,70,70,70,50,20,20,30,10,20,20,10,MEDIUM(54)
thủ tục vay home credit,Competitor_HomeCredit,Vietnam,VI,140,50,110,110,90,70,70,90,70,90,90,90,70,40,90,50,50,90,70,50,50,50,50,50,MEDIUM(51)
website home credit,Competitor_HomeCredit,Vietnam,VI,90,50,90,90,70,90,90,90,70,90,140,70,40,40,40,50,40,40,50,50,70,70,70,90,MEDIUM(34)
vay ngân hàng home credit,Competitor_HomeCredit,Vietnam,VI,90,40,90,70,90,70,110,70,70,90,70,110,50,50,90,70,50,50,70,50,70,40,50,50,MEDIUM(57)
fe home credit,Competitor_HomeCredit,Vietnam,VI,90,50,70,50,70,70,70,70,90,50,50,40,70,50,90,50,90,70,70,70,70,40,50,40,MEDIUM(56)
vay tiền bên home credit,Competitor_HomeCredit,Vietnam,VI,140,70,110,70,70,70,70,70,50,50,70,70,70,50,90,40,40,70,40,50,30,30,30,40,MEDIUM(66)
magic home,Competitor_HomeCredit,Vietnam,VI,50,70,90,110,70,90,50,50,70,70,50,70,50,50,50,40,50,40,90,50,40,50,50,70,MEDIUM(36)
vay tien nhanh home credit,Competitor_HomeCredit,Vietnam,VI,90,30,40,10,110,30,20,10,70,90,110,140,90,50,70,70,90,50,20,20,50,50,50,90,LOW(16)
homecredit vay tiền,Competitor_HomeCredit,Vietnam,VI,90,10,20,20,10,30,30,20,50,110,70,140,110,70,30,20,10,20,90,170,50,110,140,30,HIGH(73)
home vay,Competitor_HomeCredit,Vietnam,VI,70,70,70,70,40,70,30,30,20,40,40,70,50,30,50,40,40,70,70,90,90,70,90,110,MEDIUM(61)
tông đai home credit,Competitor_HomeCredit,Vietnam,VI,110,70,110,110,140,110,90,20,40,40,30,90,30,30,30,30,30,30,30,20,20,30,20,30,LOW(23)
vay tiền qua home credit,Competitor_HomeCredit,Vietnam,VI,110,70,70,90,70,70,70,70,70,70,50,50,30,40,40,50,50,30,50,40,30,20,30,20,HIGH(72)
vay tiền nhanh home,Competitor_HomeCredit,Vietnam,VI,50,40,50,30,40,50,90,90,70,110,140,110,90,50,30,30,20,10,30,20,20,20,40,50,MEDIUM(37)
home credit vay tiêu dùng,Competitor_HomeCredit,Vietnam,VI,140,70,90,90,70,70,30,30,30,30,40,70,40,50,50,30,40,40,70,30,40,40,40,30,MEDIUM(58)
vay tien homecredit lai suat bao nhieu,Competitor_HomeCredit,Vietnam,VI,110,30,110,90,70,20,20,90,90,70,70,50,30,10,20,30,20,40,50,10,10,10,10,40,MEDIUM(61)
ewelink app,Competitor_HomeCredit,Vietnam,VI,50,20,30,70,30,70,50,50,50,70,40,50,50,40,40,50,30,40,40,40,20,30,30,30,MEDIUM(48)
vay tiền home credit voz,Competitor_HomeCredit,Vietnam,VI,10,50,0,50,170,70,50,70,70,40,30,20,50,50,50,30,40,50,50,20,10,20,0,10,LOW(7)
home connect bosch,Competitor_HomeCredit,Vietnam,VI,50,50,70,40,30,30,40,20,50,30,50,50,50,70,30,20,30,40,50,40,30,50,40,30,LOW(18)
app smart home,Competitor_HomeCredit,Vietnam,VI,110,50,30,50,50,30,40,50,30,30,50,20,20,30,40,40,40,30,30,30,40,20,40,90,LOW(1)
homecontrol,Competitor_HomeCredit,Vietnam,VI,70,50,40,30,40,40,40,40,50,30,30,50,50,40,40,30,20,40,20,40,40,30,40,50,LOW(21)
ipc360 home,Competitor_HomeCredit,Vietnam,VI,90,90,110,110,90,70,40,20,40,30,20,30,10,20,40,20,10,10,10,20,20,10,10,10,HIGH(67)
vay tiền ngân hàng home credit,Competitor_HomeCredit,Vietnam,VI,90,30,70,30,50,50,40,40,40,50,50,40,30,20,30,30,20,20,20,40,10,20,10,10,MEDIUM(56)
home credit vay online,Competitor_HomeCredit,Vietnam,VI,70,10,30,30,30,40,40,40,70,50,40,30,20,30,20,20,50,30,20,30,30,50,20,30,HIGH(67)
vay tin home credit,Competitor_HomeCredit,Vietnam,VI,50,40,50,50,40,50,30,30,40,40,40,40,20,20,20,20,20,20,20,20,30,50,20,20,LOW(0)
vay vốn sinh viên home credit,Competitor_HomeCredit,Vietnam,VI,110,70,70,50,50,40,50,40,40,30,20,20,10,20,10,10,10,10,10,10,10,10,10,10,MEDIUM(43)
sonoff app,Competitor_HomeCredit,Vietnam,VI,30,50,20,40,40,20,30,30,20,20,30,20,30,10,30,30,20,30,20,30,10,10,10,20,MEDIUM(59)
đăng ký vay tiền home credit,Competitor_HomeCredit,Vietnam,VI,70,30,50,70,30,50,20,30,20,30,20,30,10,10,10,10,10,10,10,10,10,20,10,10,MEDIUM(57)
ewelink smart home,Competitor_HomeCredit,Vietnam,VI,70,40,40,50,10,20,20,30,10,10,20,10,30,20,20,10,20,10,10,10,10,10,30,10,HIGH(100)
sha vay,Competitor_HomeCredit,Vietnam,VI,40,20,30,30,10,10,30,20,10,30,20,20,20,20,30,20,20,20,20,30,10,20,20,10,LOW(30)
h5 lala,Competitor_HomeCredit,Vietnam,VI,30,50,20,10,20,10,10,10,10,20,20,10,10,10,10,10,20,10,10,10,10,10,10,10,LOW(29)
vay nhanh uy tín home credit,Competitor_HomeCredit,Vietnam,VI,40,20,10,20,30,20,10,10,0,10,10,10,10,10,10,10,10,10,10,10,10,10,0,10,LOW(0)
magic home pro,Competitor_HomeCredit,Vietnam,VI,20,20,10,10,20,10,20,10,10,10,10,10,10,10,10,10,10,10,10,10,10,10,10,10,HIGH(80)
hcpay,Competitor_HomeCredit,Vietnam,VI,20,10,10,10,20,10,10,10,10,10,10,10,10,10,10,10,10,10,10,10,10,10,10,10,UNSPECIFIED
mergedom,Competitor_HomeCredit,Vietnam,VI,10,10,10,10,10,10,10,10,10,0,10,10,10,10,10,10,10,10,20,10,10,10,10,10,LOW(0)
kinh nghiệm vay tiền homecredit,Competitor_HomeCredit,Vietnam,VI,10,10,10,10,10,10,10,10,10,10,10,10,10,10,10,10,10,10,10,10,10,10,10,0,UNSPECIFIED
mi home xiaomi home app,Competitor_HomeCredit,Vietnam,VI,0,10,10,0,10,10,10,10,10,10,10,10,10,10,10,0,10,10,10,10,10,10,10,10,LOW(0)
mergedom home design,Competitor_HomeCredit,Vietnam,VI,10,10,10,10,10,0,10,0,10,10,10,10,10,0,10,10,10,10,10,10,10,10,10,10,UNSPECIFIED
vay tien măt homecredit,Competitor_HomeCredit,Vietnam,VI,40,20,10,10,10,0,10,0,10,10,10,10,10,0,10,0,0,10,0,0,10,10,0,0,UNSPECIFIED
vay home app,Competitor_HomeCredit,Vietnam,VI,30,10,10,10,20,10,10,10,0,10,0,0,10,10,0,0,10,0,10,0,10,0,0,10,HIGH(71)
homeexchange app,Competitor_HomeCredit,Vietnam,VI,10,10,0,10,0,10,10,10,10,0,0,0,10,10,10,10,0,10,0,10,10,10,10,10,MEDIUM(57)
vay tiêu dụng home credit,Competitor_HomeCredit,Vietnam,VI,0,0,0,10,0,10,10,0,0,0,10,10,20,10,0,0,0,10,0,0,0,10,0,0,UNSPECIFIED
app homescapes,Competitor_HomeCredit,Vietnam,VI,10,0,0,0,0,0,0,0,0,0,0,0,0,10,0,0,0,0,0,0,0,0,0,0,UNSPECIFIED
easee app,Competitor_HomeCredit,Vietnam,VI,0,0,0,0,0,0,0,0,0,0,0,0,0,10,0,0,0,0,0,0,0,0,0,0,UNSPECIFIED
descargar blink home monitor,Competitor_HomeCredit,Vietnam,VI,,,,,,,,,,,,,,,,,,,,,,,,,UNSPECIFIED
fe credit,Competitor_FECredit,Vietnam,VI,74000,49500,74000,60500,60500,60500,60500,74000,60500,60500,60500,60500,49500,49500,60500,49500,49500,49500,49500,49500,49500,49500,49500,49500,MEDIUM(42)
vay fe,Competitor_FECredit,Vietnam,VI,12100,6600,8100,8100,8100,9900,9900,8100,8100,8100,8100,8100,6600,6600,8100,6600,8100,6600,6600,6600,6600,6600,5400,5400,HIGH(77)
fe online,Competitor_FECredit,Vietnam,VI,14800,8100,9900,8100,9900,8100,8100,8100,4400,3600,2400,1900,1600,1300,1600,1600,1600,1600,1600,1600,1900,1900,1600,1600,LOW(31)
vay fe credit,Competitor_FECredit,Vietnam,VI,4400,2900,3600,3600,3600,4400,4400,3600,3600,3600,3600,3600,3600,2900,3600,3600,3600,3600,2900,3600,2900,2900,2900,2900,HIGH(70)
vay tiền fe,Competitor_FECredit,Vietnam,VI,3600,2400,2900,2900,2900,2900,2900,2900,2400,2400,2400,2400,1900,1600,1900,1600,1600,1600,1600,1300,1300,1300,1300,1300,HIGH(75)
ngân hàng fe,Competitor_FECredit,Vietnam,VI,2900,1600,2400,1900,1900,1900,2400,2400,1900,1900,1900,1900,1600,1300,1600,1300,1600,1300,1300,1300,1300,1300,1300,1000,LOW(21)
cách vay tiền fe credit online,Competitor_FECredit,Vietnam,VI,2400,1300,1600,1600,1600,1900,1600,1300,1300,1300,1000,1300,1000,880,1000,1000,1600,1000,880,1000,1000,880,880,880,HIGH(68)
công ty fe,Competitor_FECredit,Vietnam,VI,1000,720,1000,1000,1000,1000,1000,880,880,880,880,720,590,720,1000,720,880,880,1000,720,720,880,880,720,LOW(3)
vay credit,Competitor_FECredit,Vietnam,VI,1000,480,720,880,720,880,880,880,720,880,720,880,590,590,720,590,720,880,1000,1000,1000,1000,1000,880,MEDIUM(59)
vay fe online,Competitor_FECredit,Vietnam,VI,1600,1000,1000,880,1300,1300,1300,1300,880,880,880,720,720,720,880,590,480,480,480,390,320,390,390,320,HIGH(78)
lãi suất fe,Competitor_FECredit,Vietnam,VI,880,480,720,590,720,720,720,720,590,720,880,880,720,480,590,590,480,480,480,480,590,590,480,390,LOW(25)
khoản vay fe credit,Competitor_FECredit,Vietnam,VI,880,480,720,720,720,590,880,880,590,720,720,720,590,590,480,480,590,480,480,390,480,320,140,210,MEDIUM(40)
công ty tài chính fe,Competitor_FECredit,Vietnam,VI,880,480,880,590,590,720,720,590,590,590,590,590,390,390,480,390,390,480,480,480,390,390,320,320,LOW(12)
ngân hàng fe credit,Competitor_FECredit,Vietnam,VI,720,390,590,590,480,720,720,590,480,590,480,480,390,320,390,390,390,390,320,320,390,480,390,720,LOW(25)
vay tiền mặt fe credit,Competitor_FECredit,Vietnam,VI,1000,590,720,720,720,590,720,590,480,390,390,390,320,260,320,390,480,320,260,320,320,320,480,390,MEDIUM(64)
fe credit online,Competitor_FECredit,Vietnam,VI,590,480,880,590,390,590,590,720,720,590,480,390,390,390,260,320,320,210,210,260,390,390,390,320,MEDIUM(57)
vay tiền fe credit,Competitor_FECredit,Vietnam,VI,880,390,590,390,390,480,480,590,320,390,390,390,320,210,260,260,320,320,390,260,320,480,390,260,HIGH(73)
điều kiện vay fe,Competitor_FECredit,Vietnam,VI,590,320,480,480,480,480,590,390,320,390,320,320,320,320,390,320,260,260,320,260,260,320,260,260,MEDIUM(41)
credit vay,Competitor_FECredit,Vietnam,VI,390,170,260,210,390,210,320,320,320,260,210,170,90,170,320,320,590,390,480,480,480,590,480,590,MEDIUM(54)
lãi suất fe credit,Competitor_FECredit,Vietnam,VI,590,390,390,320,390,390,390,390,320,390,320,320,260,260,390,320,320,260,210,260,210,260,210,210,LOW(30)
công ty fe credit,Competitor_FECredit,Vietnam,VI,320,210,320,320,320,390,320,320,320,320,390,320,210,320,320,320,320,320,390,320,390,320,320,320,LOW(3)
đăng ký vay fe,Competitor_FECredit,Vietnam,VI,480,210,260,260,320,320,320,390,260,320,320,390,260,260,260,210,320,260,260,260,210,260,260,260,HIGH(70)
the tín dụng fe credit trả góp,Competitor_FECredit,Vietnam,VI,390,260,480,320,320,320,390,320,390,320,260,320,260,170,210,210,260,170,320,210,170,170,110,110,LOW(29)
kinh nghiệm vay tiền fe credit,Competitor_FECredit,Vietnam,VI,720,320,480,480,480,480,390,320,320,260,260,320,260,170,170,170,170,140,90,70,110,90,50,70,LOW(19)
vay fe credit online,Competitor_FECredit,Vietnam,VI,480,140,260,320,480,480,320,260,140,210,320,210,170,110,110,140,210,210,210,210,210,170,170,170,HIGH(73)
ngan hang fe,Competitor_FECredit,Vietnam,VI,390,260,390,390,320,260,260,320,210,260,210,260,210,170,210,210,210,210,170,170,140,140,110,140,MEDIUM(34)
fe vay tiền,Competitor_FECredit,Vietnam,VI,390,210,260,260,320,260,260,320,210,210,140,210,210,170,260,210,210,210,170,260,170,170,170,170,HIGH(75)
app fe credit,Competitor_FECredit,Vietnam,VI,390,210,260,170,210,170,210,390,320,320,210,260,170,170,210,140,170,170,140,210,170,170,170,170,MEDIUM(38)
vay 10 triệu trả góp 12 tháng fe credit,Competitor_FECredit,Vietnam,VI,390,210,260,320,320,320,320,320,260,210,170,210,140,110,110,140,140,110,70,50,90,50,50,50,MEDIUM(52)
fe vay,Competitor_FECredit,Vietnam,VI,170,90,140,140,170,170,170,140,170,140,210,210,170,140,140,140,170,210,210,210,210,210,210,210,HIGH(70)
số fe credit,Competitor_FECredit,Vietnam,VI,140,90,140,110,110,140,210,210,170,170,170,140,90,140,210,210,210,210,210,170,110,140,170,210,LOW(9)
vay nhanh fe,Competitor_FECredit,Vietnam,VI,210,140,170,140,110,140,170,210,210,170,140,170,140,110,170,140,170,140,170,170,210,170,140,140,LOW(0)
cty tài chính fe,Competitor_FECredit,Vietnam,VI,260,140,260,210,210,210,170,210,170,140,140,170,90,110,110,110,110,110,170,140,140,90,110,110,LOW(21)
vay vốn fe,Competitor_FECredit,Vietnam,VI,260,170,170,210,260,170,210,170,170,210,170,140,90,110,140,140,140,90,70,110,90,70,70,90,MEDIUM(50)
tài chính fe,Competitor_FECredit,Vietnam,VI,260,110,170,140,210,140,170,170,210,140,210,210,110,110,140,140,90,140,110,110,90,90,70,110,MEDIUM(39)
vay tiêu dùng fe,Competitor_FECredit,Vietnam,VI,260,170,260,140,210,260,210,210,110,140,110,170,140,140,110,140,90,90,90,70,70,70,70,50,HIGH(72)
thủ tục vay fe,Competitor_FECredit,Vietnam,VI,260,170,170,170,210,210,210,140,140,170,140,140,110,90,90,140,90,110,90,50,90,90,70,90,MEDIUM(66)
vay online fe,Competitor_FECredit,Vietnam,VI,260,170,170,210,210,170,140,140,110,170,110,140,110,70,70,140,90,90,90,70,90,70,70,50,HIGH(80)
công ty tài chính điện lực easy credit,Competitor_FECredit,Vietnam,VI,590,210,210,110,110,140,110,140,140,90,90,70,70,70,70,50,50,70,70,90,70,70,40,40,LOW(11)
fe credit app,Competitor_FECredit,Vietnam,VI,70,40,50,90,90,50,50,210,140,110,170,90,40,90,210,170,110,140,210,140,110,110,90,70,MEDIUM(34)
vay tiền mặt fe,Competitor_FECredit,Vietnam,VI,140,50,140,170,110,110,140,140,140,140,110,110,90,90,70,90,90,110,110,90,110,70,90,90,MEDIUM(58)
vay ngân hàng fe,Competitor_FECredit,Vietnam,VI,170,90,140,110,140,140,140,140,110,110,140,90,90,50,70,90,90,90,90,70,70,50,50,50,HIGH(74)
ngan hang fecredit thinh vuong,Competitor_FECredit,Vietnam,VI,170,140,210,170,110,110,110,140,90,90,110,170,110,140,90,70,20,20,20,30,30,50,50,30,MEDIUM(40)
vay tín dụng fe,Competitor_FECredit,Vietnam,VI,170,90,110,140,110,140,140,170,90,70,90,110,70,50,50,90,70,70,70,70,70,70,70,70,MEDIUM(53)
vay tiền online fe,Competitor_FECredit,Vietnam,VI,90,50,50,70,140,70,90,90,90,90,90,90,90,70,70,40,90,50,50,90,90,170,260,170,HIGH(78)
số đt fe credit,Competitor_FECredit,Vietnam,VI,50,50,110,90,70,110,40,40,40,70,40,90,70,70,140,110,110,90,110,50,90,90,70,90,LOW(8)
vay tiền bên fe,Competitor_FECredit,Vietnam,VI,170,90,90,90,70,90,110,70,90,70,90,70,50,50,70,50,50,70,70,50,50,50,50,50,MEDIUM(57)
fe credit vay tiền,Competitor_FECredit,Vietnam,VI,210,90,170,70,70,210,90,70,70,50,110,70,40,30,30,20,20,50,50,40,40,50,20,40,MEDIUM(59)
vay trả góp fe,Competitor_FECredit,Vietnam,VI,110,90,110,70,70,70,70,70,70,50,70,50,50,40,70,50,70,70,70,50,50,50,50,40,MEDIUM(62)
vay không thế chấp fe credit,Competitor_FECredit,Vietnam,VI,70,50,70,90,90,90,70,90,90,70,70,50,30,50,70,50,70,70,50,50,40,30,70,30,MEDIUM(60)
vay tiền fe online,Competitor_FECredit,Vietnam,VI,210,90,90,110,110,90,70,50,40,40,30,40,50,40,30,20,30,30,30,30,30,20,70,30,HIGH(80)
cách vay fe online,Competitor_FECredit,Vietnam,VI,50,30,50,50,50,70,70,70,70,50,50,40,40,40,40,40,50,20,30,90,90,90,90,90,HIGH(69)
vay fe com,Competitor_FECredit,Vietnam,VI,20,10,20,20,70,40,40,40,50,110,170,260,260,10,10,0,10,0,0,10,0,0,10,10,MEDIUM(57)
vay tiền nhanh fe,Competitor_FECredit,Vietnam,VI,140,50,70,90,70,70,50,30,40,90,40,40,30,40,20,20,30,20,20,20,30,70,20,30,HIGH(78)
thủ tục vay fe credit,Competitor_FECredit,Vietnam,VI,50,30,50,70,30,50,30,40,40,50,40,30,30,30,50,70,70,40,40,40,40,30,50,50,MEDIUM(61)
fe vay online,Competitor_FECredit,Vietnam,VI,30,20,70,30,30,70,70,70,90,50,40,30,30,50,40,90,30,40,20,30,40,10,30,30,HIGH(80)
vay tiền ngân hàng fe,Competitor_FECredit,Vietnam,VI,70,50,40,30,50,90,70,40,30,30,40,40,30,20,30,50,40,30,40,30,20,30,20,20,MEDIUM(52)
đăng ký vay fe online,Competitor_FECredit,Vietnam,VI,90,30,70,70,70,30,50,30,20,20,20,30,40,30,30,20,40,40,20,50,30,20,20,30,MEDIUM(64)
vay tiền fe credit online,Competitor_FECredit,Vietnam,VI,40,20,20,30,40,40,50,10,20,40,110,20,140,10,10,10,170,40,10,10,20,10,10,10,MEDIUM(50)
mở the tín dụng fe,Competitor_FECredit,Vietnam,VI,140,40,10,10,20,50,90,90,0,70,70,50,50,20,10,10,20,10,10,10,10,30,40,30,HIGH(80)
fecredit com vn vay tiền mặt,Competitor_FECredit,Vietnam,VI,110,70,70,110,110,70,50,40,30,40,30,30,10,10,0,10,0,10,10,10,10,10,0,10,MEDIUM(36)
app vay tiền fe,Competitor_FECredit,Vietnam,VI,70,40,40,40,30,50,50,50,50,40,30,40,30,20,20,10,20,30,30,20,30,40,20,30,HIGH(75)
đăng ký vay fe credit,Competitor_FECredit,Vietnam,VI,90,30,40,40,30,20,30,50,50,20,20,20,30,10,10,20,20,20,20,40,30,50,50,70,HIGH(70)
the tín dụng fe credit,Competitor_FECredit,Vietnam,VI,140,40,70,50,30,40,50,40,30,20,10,10,10,20,10,10,10,10,20,10,10,10,10,10,MEDIUM(45)
muốn vay tiền fe,Competitor_FECredit,Vietnam,VI,50,20,20,20,20,20,30,20,30,10,10,20,20,20,30,10,10,30,40,20,10,10,10,10,HIGH(84)
vay tiền nhanh fe credit,Competitor_FECredit,Vietnam,VI,20,20,30,20,20,20,20,20,10,10,10,10,10,10,10,10,10,10,40,50,30,50,20,20,HIGH(81)
vay fe bằng cccd,Competitor_FECredit,Vietnam,VI,40,10,20,20,10,30,30,20,20,10,10,10,10,10,10,10,10,10,10,10,10,20,10,10,MEDIUM(62)
vay fe qua sim,Competitor_FECredit,Vietnam,VI,30,10,30,20,20,20,10,10,10,10,10,10,10,10,10,10,10,10,10,10,0,0,0,10,HIGH(86)
cách vay tiền online fe credit,Competitor_FECredit,Vietnam,VI,10,10,10,10,20,10,20,20,10,10,10,20,10,10,10,10,10,10,10,10,10,10,10,10,HIGH(86)
vay tiền fe credit qua sim viettel,Competitor_FECredit,Vietnam,VI,30,10,10,10,10,10,10,10,10,10,20,10,10,10,10,0,0,0,0,10,10,0,0,0,LOW(4)
cake by vpbank,Competitor_Cake,Vietnam,VI,5400,4400,4400,5400,6600,5400,6600,5400,5400,5400,5400,5400,4400,4400,5400,4400,5400,5400,5400,5400,5400,6600,6600,9900,LOW(12)
ngân hàng cake,Competitor_Cake,Vietnam,VI,2400,1900,2900,2900,2900,2900,3600,2900,2900,2900,2900,4400,3600,2400,2900,2400,2900,2900,2900,2900,2900,2900,2900,3600,LOW(4)
cake vpbank,Competitor_Cake,Vietnam,VI,1300,720,720,720,720,880,1000,1000,880,880,880,880,880,880,720,720,1000,880,880,880,720,720,1000,5400,LOW(12)
vay cake,Competitor_Cake,Vietnam,VI,880,480,590,720,590,1000,1300,1000,880,1000,1000,1000,1000,720,1000,1000,1000,1000,1300,1300,1300,1600,1600,1600,MEDIUM(62)
ngân hàng số cake,Competitor_Cake,Vietnam,VI,880,590,880,880,720,880,1300,1000,880,1000,1000,1000,880,720,720,720,880,720,720,720,720,720,720,720,LOW(11)
thẻ cake,Competitor_Cake,Vietnam,VI,1000,880,1000,880,1000,1000,1000,1000,1000,880,720,880,590,590,720,590,880,720,720,590,590,590,590,590,LOW(11)
cake là của ngân hàng nào,Competitor_Cake,Vietnam,VI,210,170,260,260,320,480,720,590,590,590,720,590,590,260,390,480,590,590,880,590,590,590,590,880,LOW(3)
thẻ tín dụng be cake,Competitor_Cake,Vietnam,VI,590,480,590,480,480,590,880,720,720,480,480,480,390,320,320,170,320,210,210,260,210,210,210,170,LOW(28)
mở thẻ tín dụng cake,Competitor_Cake,Vietnam,VI,590,320,390,480,390,480,590,590,480,480,480,480,390,390,390,320,390,320,260,260,260,320,320,390,MEDIUM(63)
ngân hàng cake by vpbank,Competitor_Cake,Vietnam,VI,210,260,320,390,590,590,590,480,390,480,390,390,480,390,480,390,390,320,260,260,260,260,260,390,LOW(5)
cake của ngân hàng nào,Competitor_Cake,Vietnam,VI,140,90,110,140,170,260,210,210,170,210,260,320,320,320,320,320,390,390,480,720,880,720,590,480,LOW(0)
cake app,Competitor_Cake,Vietnam,VI,320,210,390,260,260,260,390,320,260,390,320,390,170,260,320,260,320,320,390,320,320,320,210,320,LOW(4)
cake application,Competitor_Cake,Vietnam,VI,320,210,390,260,260,260,390,320,260,390,320,390,170,260,320,260,320,320,390,320,320,320,210,320,LOW(4)
cake by vpbank có an toàn không,Competitor_Cake,Vietnam,VI,170,320,70,140,260,320,320,390,320,390,260,320,260,390,320,320,260,320,320,260,260,320,320,320,LOW(0)
vay tiền cake,Competitor_Cake,Vietnam,VI,260,140,170,170,170,260,260,260,260,210,260,260,260,140,210,170,170,210,260,210,210,210,260,210,MEDIUM(65)
vpbank cake,Competitor_Cake,Vietnam,VI,260,170,260,210,260,260,260,210,170,260,170,260,170,210,170,170,260,170,170,170,170,170,170,210,LOW(9)
vay cake bank,Competitor_Cake,Vietnam,VI,40,20,40,70,90,170,260,260,170,260,210,210,260,170,260,210,260,210,260,170,140,210,170,210,MEDIUM(62)
mở thẻ cake,Competitor_Cake,Vietnam,VI,210,140,210,170,170,260,260,320,260,210,170,170,140,170,170,140,170,110,110,110,90,90,110,170,MEDIUM(52)
cake vay,Competitor_Cake,Vietnam,VI,90,110,90,70,90,140,170,140,110,170,170,140,110,140,210,170,210,260,260,210,210,260,320,260,MEDIUM(60)
cách vay tiền trên cake,Competitor_Cake,Vietnam,VI,210,90,70,110,140,210,390,320,320,260,260,320,210,170,170,210,170,70,50,70,50,70,50,90,MEDIUM(57)
thẻ cake vpbank,Competitor_Cake,Vietnam,VI,210,170,210,210,260,260,260,170,140,140,170,110,90,110,170,110,140,90,170,140,110,110,140,110,LOW(16)
điều kiện mở thẻ tín dụng cake,Competitor_Cake,Vietnam,VI,320,140,170,170,170,170,210,210,140,140,140,140,140,140,140,110,170,140,110,90,110,110,140,90,LOW(23)
ngân hàng số cake by vpbank,Competitor_Cake,Vietnam,VI,170,110,110,90,140,170,170,140,140,170,170,210,140,140,140,110,110,110,110,140,140,140,210,320,LOW(9)
cake có đếm được không,Competitor_Cake,Vietnam,VI,90,70,110,110,110,90,170,170,140,170,210,170,70,70,90,90,90,110,170,140,110,140,170,210,LOW(0)
mở tài khoản vpbank nhận 800k,Competitor_Cake,Vietnam,VI,170,110,140,110,170,170,140,110,480,210,140,110,90,90,90,50,70,50,50,70,70,50,50,40,LOW(26)
cake ngân hàng số có cho vay tiền không,Competitor_Cake,Vietnam,VI,30,70,20,40,50,110,170,140,70,90,110,110,90,90,110,90,90,90,210,170,140,210,260,260,LOW(20)
cake là ngân hàng nào,Competitor_Cake,Vietnam,VI,50,10,30,20,10,70,30,30,30,90,40,70,40,40,40,110,90,110,170,140,210,320,480,390,LOW(2)
cake thuộc ngân hàng nào,Competitor_Cake,Vietnam,VI,70,40,50,90,50,90,110,90,90,140,90,140,110,110,110,140,140,110,140,110,110,140,140,170,LOW(1)
the tín dụng cake,Competitor_Cake,Vietnam,VI,170,110,170,140,170,210,170,140,140,110,70,70,70,50,70,30,40,10,30,40,40,20,20,20,MEDIUM(34)
cake by vpbank lãi suất,Competitor_Cake,Vietnam,VI,40,110,30,70,110,90,110,90,70,70,50,50,50,140,110,110,110,90,90,70,50,50,70,170,LOW(0)
cake ngân hàng,Competitor_Cake,Vietnam,VI,70,50,70,30,50,90,90,70,90,90,90,140,70,90,90,70,90,90,90,70,90,110,110,90,LOW(3)
cake by vpbank logo,Competitor_Cake,Vietnam,VI,390,70,70,70,70,70,90,70,70,50,50,50,70,70,70,50,90,50,90,40,50,70,70,70,LOW(0)
mở thẻ tín dụng be cake,Competitor_Cake,Vietnam,VI,170,90,70,70,90,110,140,110,110,70,90,90,70,70,50,50,50,20,30,20,20,30,40,30,HIGH(74)
điều kiện mở the tín dụng cake,Competitor_Cake,Vietnam,VI,210,70,50,40,50,50,110,110,110,70,70,140,70,50,50,50,30,10,10,20,10,30,20,20,LOW(18)
cake mod apk,Competitor_Cake,Vietnam,VI,90,70,110,70,90,90,140,90,90,70,40,20,20,40,50,50,50,30,70,70,30,20,30,20,LOW(0)
đăng ký thẻ tín dụng cake,Competitor_Cake,Vietnam,VI,90,50,70,70,90,70,110,90,70,90,70,70,40,70,50,40,30,30,40,50,30,40,40,30,MEDIUM(62)
cake vay tiền,Competitor_Cake,Vietnam,VI,170,90,50,20,20,70,70,40,20,30,110,50,50,30,70,40,40,40,70,70,70,70,40,40,HIGH(72)
cách vay cake,Competitor_Cake,Vietnam,VI,30,20,20,10,20,50,40,70,50,50,50,50,70,30,50,70,50,70,50,70,70,110,90,110,MEDIUM(53)
cake tín dụng,Competitor_Cake,Vietnam,VI,170,30,30,40,70,70,50,50,50,50,50,70,40,50,30,40,50,50,40,40,40,40,70,40,MEDIUM(44)
cách mở thẻ tín dụng cake,Competitor_Cake,Vietnam,VI,90,30,50,50,50,70,50,50,70,70,40,70,40,50,40,30,20,30,40,50,40,50,50,70,MEDIUM(56)
mở thẻ be cake,Competitor_Cake,Vietnam,VI,90,50,70,70,70,70,90,50,50,70,40,40,30,40,30,30,30,20,20,10,20,20,30,30,MEDIUM(53)
vay tiêu dùng cake,Competitor_Cake,Vietnam,VI,70,20,40,40,40,50,70,70,40,50,70,40,30,30,20,30,40,40,50,50,50,30,30,40,MEDIUM(44)
cake learn english,Competitor_Cake,Vietnam,VI,20,50,50,30,40,30,40,30,20,30,10,40,20,40,30,50,70,70,110,50,70,30,10,40,LOW(21)
cake apk,Competitor_Cake,Vietnam,VI,40,40,70,50,70,50,70,50,30,40,50,40,20,30,20,20,40,20,30,20,40,20,30,40,LOW(2)
vay app cake,Competitor_Cake,Vietnam,VI,30,20,10,20,20,40,40,70,70,40,40,40,30,20,20,30,50,50,50,40,30,50,50,50,MEDIUM(50)
vay tiền trên cake,Competitor_Cake,Vietnam,VI,50,20,30,30,30,50,40,30,50,50,50,50,40,20,40,20,40,30,50,30,20,20,30,30,MEDIUM(51)
cake của vpbank,Competitor_Cake,Vietnam,VI,40,20,40,20,10,20,20,40,30,40,40,40,30,40,40,30,50,40,40,40,40,20,20,50,LOW(4)
thẻ tín dụng cake vpbank,Competitor_Cake,Vietnam,VI,70,40,40,40,30,20,30,50,70,30,40,30,30,20,30,20,20,30,20,20,20,10,20,10,LOW(13)
mở the tín dụng cake,Competitor_Cake,Vietnam,VI,90,40,50,50,50,90,50,30,50,30,20,50,30,10,10,10,0,10,10,10,20,10,10,10,HIGH(86)
be cake vpbank,Competitor_Cake,Vietnam,VI,40,50,40,50,50,70,70,40,30,40,30,20,10,20,20,20,10,40,20,10,10,10,10,10,MEDIUM(38)
làm thẻ tín dụng cake,Competitor_Cake,Vietnam,VI,50,30,70,20,30,50,40,30,50,40,30,50,10,30,30,10,20,20,20,20,10,10,20,20,MEDIUM(59)
cake english mod apk,Competitor_Cake,Vietnam,VI,30,70,20,40,20,30,50,50,40,40,40,30,20,30,10,10,20,20,20,20,40,10,20,10,LOW(0)
cake liên kết với ngân hàng nào,Competitor_Cake,Vietnam,VI,30,30,30,40,50,20,10,10,40,40,40,50,30,10,20,20,20,10,20,20,20,20,20,20,LOW(3)
vay trên cake,Competitor_Cake,Vietnam,VI,20,20,20,30,20,40,40,30,20,20,30,40,20,10,20,20,30,20,30,30,30,20,20,20,MEDIUM(40)
cake mod apk premium,Competitor_Cake,Vietnam,VI,10,20,10,30,20,50,70,40,30,50,50,50,20,20,40,10,10,10,10,10,10,10,10,10,UNSPECIFIED
thẻ cake tín dụng,Competitor_Cake,Vietnam,VI,40,20,20,40,30,50,30,30,20,20,10,30,10,10,10,20,20,20,30,20,10,10,10,70,LOW(33)
vay tiền qua cake,Competitor_Cake,Vietnam,VI,20,10,10,30,10,20,30,20,20,20,30,10,20,20,30,20,20,20,30,30,20,30,30,20,MEDIUM(47)
mở thẻ cake vpbank,Competitor_Cake,Vietnam,VI,10,20,50,30,40,30,30,40,20,20,20,30,10,10,20,20,20,10,20,10,20,10,10,10,HIGH(68)
app cake vpbank,Competitor_Cake,Vietnam,VI,10,20,10,10,10,10,10,10,50,30,20,50,30,40,30,40,40,20,10,10,10,10,10,10,LOW(1)
đăng ký vay cake,Competitor_Cake,Vietnam,VI,90,20,20,10,10,20,30,30,10,20,20,30,20,10,20,10,10,10,20,20,10,10,20,20,MEDIUM(60)
by vpbank,Competitor_Cake,Vietnam,VI,10,10,10,20,10,10,10,20,10,10,10,30,20,20,10,20,10,20,20,40,20,50,70,30,LOW(13)
vay tien cake,Competitor_Cake,Vietnam,VI,20,10,10,20,10,30,40,20,20,10,30,20,20,10,20,10,20,20,20,20,30,10,20,20,MEDIUM(54)
cách vay tiền cake,Competitor_Cake,Vietnam,VI,30,10,10,20,30,30,30,30,20,10,10,20,10,10,10,20,20,20,20,20,10,10,10,30,HIGH(76)
cake có vay tiền được không,Competitor_Cake,Vietnam,VI,30,10,20,20,20,10,10,10,10,20,20,10,10,10,40,40,10,10,30,20,20,10,20,20,LOW(21)
cake by vpbank thẻ tín dụng,Competitor_Cake,Vietnam,VI,70,10,10,10,10,10,20,10,10,20,10,10,10,10,30,10,10,10,20,50,10,10,10,10,LOW(23)
app cake english,Competitor_Cake,Vietnam,VI,20,10,50,20,10,10,10,20,20,10,10,10,20,10,30,10,10,10,10,10,10,10,10,10,LOW(24)
hướng dẫn vay cake,Competitor_Cake,Vietnam,VI,10,10,10,10,10,10,10,10,10,10,20,20,20,10,10,20,10,20,10,20,10,10,20,20,MEDIUM(35)
mở thẻ tín dụng cake by vpbank,Competitor_Cake,Vietnam,VI,10,10,10,10,10,30,10,20,10,10,10,10,10,10,10,10,10,10,10,20,40,20,10,10,HIGH(70)
cake apk mod,Competitor_Cake,Vietnam,VI,10,20,20,20,20,20,30,10,10,10,20,10,10,10,10,10,10,10,10,10,10,10,10,10,LOW(0)
cake plus mod apk,Competitor_Cake,Vietnam,VI,10,10,10,30,10,10,20,20,20,10,10,10,10,10,20,10,20,10,20,20,20,0,10,0,UNSPECIFIED
cake có cho vay tiền không,Competitor_Cake,Vietnam,VI,10,10,10,10,10,20,10,10,10,10,10,20,10,10,10,20,10,10,10,10,10,10,20,10,LOW(26)
cách vay trên cake,Competitor_Cake,Vietnam,VI,10,10,10,10,10,10,10,10,10,10,20,10,20,10,10,10,10,10,10,10,20,10,10,10,MEDIUM(43)
cake by vpb,Competitor_Cake,Vietnam,VI,20,10,10,10,10,10,20,10,10,10,10,10,10,10,10,10,10,10,10,10,10,10,10,20,LOW(1)
cake ngan hang so,Competitor_Cake,Vietnam,VI,20,10,10,10,10,20,20,10,10,10,10,10,10,10,10,10,10,10,10,10,10,10,10,10,LOW(18)
đăng ký cake vpbank,Competitor_Cake,Vietnam,VI,10,20,20,10,10,10,20,10,10,10,10,10,10,10,10,10,10,10,10,10,10,0,10,10,HIGH(71)
cake pc,Competitor_Cake,Vietnam,VI,10,10,10,20,10,10,20,10,10,10,10,10,10,10,10,10,10,10,10,10,10,10,10,10,LOW(1)
cake plus apk,Competitor_Cake,Vietnam,VI,10,10,10,30,10,10,10,10,20,20,10,10,0,10,10,10,10,10,10,10,10,0,10,10,LOW(0)
hướng dẫn vay tiền trên cake,Competitor_Cake,Vietnam,VI,10,10,10,10,10,10,10,10,10,10,10,10,10,10,0,10,10,10,10,10,10,10,10,10,UNSPECIFIED
hướng dẫn vay tiền cake,Competitor_Cake,Vietnam,VI,10,10,10,10,10,10,10,10,10,10,10,10,10,0,10,10,10,10,10,10,10,10,10,0,UNSPECIFIED
app cake của vpbank,Competitor_Cake,Vietnam,VI,10,10,10,0,10,10,10,10,10,10,0,10,10,10,10,10,0,10,10,10,10,0,10,10,LOW(3)
cake learn english mod,Competitor_Cake,Vietnam,VI,10,10,10,10,10,0,10,10,10,10,10,10,10,10,10,10,0,10,10,0,0,0,0,10,LOW(0)
vay tiêu dùng ngân hàng số cake,Competitor_Cake,Vietnam,VI,10,10,10,10,10,0,0,0,0,10,10,10,10,10,10,0,10,10,0,10,10,0,10,10,LOW(29)
cake for pc,Competitor_Cake,Vietnam,VI,10,10,10,0,10,10,10,0,10,10,10,10,0,0,10,0,0,10,0,0,10,10,10,0,LOW(0)
cake by vpbank nhận 800k,Competitor_Cake,Vietnam,VI,10,10,10,10,10,10,10,0,10,10,0,0,10,10,10,0,0,10,0,0,0,0,0,10,UNSPECIFIED
cake plus apk mod,Competitor_Cake,Vietnam,VI,0,0,0,10,10,10,0,10,10,0,10,10,0,0,10,10,0,0,30,0,10,0,0,0,LOW(0)
cake pro apk,Competitor_Cake,Vietnam,VI,10,10,10,10,0,10,0,10,0,0,0,0,10,0,0,0,10,10,10,10,10,0,0,0,LOW(0)
cake apk mod premium,Competitor_Cake,Vietnam,VI,20,10,10,20,0,10,0,10,10,0,0,10,10,0,0,0,0,0,0,0,0,0,0,0,UNSPECIFIED
cake english pc,Competitor_Cake,Vietnam,VI,10,10,10,10,20,10,10,0,0,10,0,0,0,10,0,0,10,0,0,0,0,0,0,0,UNSPECIFIED
cake premium mod apk,Competitor_Cake,Vietnam,VI,10,10,0,10,0,10,10,10,10,10,0,0,0,0,10,0,10,0,0,0,10,0,0,0,UNSPECIFIED
cake english online,Competitor_Cake,Vietnam,VI,10,0,10,0,10,10,10,0,0,10,0,0,0,0,0,10,10,10,0,0,10,0,0,0,UNSPECIFIED
cake nhận 50k,Competitor_Cake,Vietnam,VI,0,10,10,10,10,0,10,0,0,0,10,0,0,0,0,0,10,0,0,0,0,0,10,0,LOW(0)
cake plus premium apk,Competitor_Cake,Vietnam,VI,0,0,0,10,0,0,10,0,0,0,0,10,0,0,10,0,0,0,10,10,0,0,10,0,UNSPECIFIED
cake vn onelink,Competitor_Cake,Vietnam,VI,0,10,0,10,10,10,10,0,10,0,0,0,0,0,0,0,0,0,0,0,0,0,0,0,UNSPECIFIED
cake có vay tiền không,Competitor_Cake,Vietnam,VI,0,10,0,0,0,0,0,0,0,0,0,0,0,10,0,0,0,0,10,10,0,10,0,0,UNSPECIFIED
cake ngân hàng số nhận 50k,Competitor_Cake,Vietnam,VI,0,0,0,0,0,0,10,0,0,0,0,0,0,0,0,0,0,0,0,0,0,0,0,0,UNSPECIFIED
cake apk premium 4.2 3,Competitor_Cake,Vietnam,VI,0,0,0,0,0,0,0,0,0,0,0,0,0,0,0,0,0,0,0,0,0,0,0,0,UNSPECIFIED
cake learn english web,Competitor_Cake,Vietnam,VI,0,0,0,0,0,0,0,0,0,0,0,0,0,0,0,0,0,0,0,0,0,0,0,0,UNSPECIFIED
cake premium apk 2022,Competitor_Cake,Vietnam,VI,0,0,0,0,0,0,0,0,0,0,0,0,0,0,0,0,0,0,0,0,0,0,0,0,UNSPECIFIED
hd saison,Competitor_HDSaison,Vietnam,VI,90500,60500,74000,74000,60500,60500,74000,60500,60500,60500,60500,60500,60500,60500,74000,60500,74000,60500,60500,60500,60500,60500,49500,49500,LOW(17)
hd saison vay tiền mặt,Competitor_HDSaison,Vietnam,VI,9900,5400,6600,6600,6600,6600,6600,6600,5400,5400,5400,6600,5400,3600,4400,3600,3600,3600,2900,2900,2900,2400,1300,1300,MEDIUM(66)
vay hd saison,Competitor_HDSaison,Vietnam,VI,2900,1600,2400,2400,2400,2900,2900,2400,2400,2400,2900,2400,2400,1900,2400,2400,2400,1900,1900,2400,1900,2400,1900,2400,HIGH(72)
hd saison vay tiêu dùng,Competitor_HDSaison,Vietnam,VI,4400,1900,2400,2400,1000,1600,1600,1300,1300,1300,1000,1300,1600,880,590,590,720,720,590,880,880,590,480,390,HIGH(69)
cong ty tai chinh tnhh hd saison,Competitor_HDSaison,Vietnam,VI,1600,880,1600,1600,1600,1900,1900,1600,1300,1300,1300,1300,880,1000,1300,1000,1000,1000,1300,1000,1000,1000,880,1000,LOW(2)
ngân hàng hd saison,Competitor_HDSaison,Vietnam,VI,1900,1000,1600,1600,1600,1600,1600,1300,1000,1300,1300,1300,1000,1300,1600,1000,1000,880,880,880,880,880,880,880,LOW(10)
vay tiền bằng hợp đồng trả góp hd saison,Competitor_HDSaison,Vietnam,VI,2400,1000,1600,1600,1900,1900,1600,1600,1300,1300,1300,1300,1000,880,880,880,880,880,880,720,720,720,480,480,MEDIUM(44)
thẻ tín dụng hd saison,Competitor_HDSaison,Vietnam,VI,2400,1000,1600,1600,1300,1300,1600,1300,1000,1000,1000,1000,880,1000,1000,880,720,720,590,720,880,1000,1000,1000,LOW(18)
công ty hd saison,Competitor_HDSaison,Vietnam,VI,1900,1000,1300,1000,880,2400,2400,1600,1300,590,480,480,390,390,590,390,480,390,320,320,320,480,320,320,LOW(1)
cty hd saison,Competitor_HDSaison,Vietnam,VI,1900,1000,1300,1000,880,2400,2400,1600,1300,590,480,480,390,390,590,390,480,390,320,320,320,480,320,320,LOW(1)
hd saison vay,Competitor_HDSaison,Vietnam,VI,1000,590,720,480,590,590,590,720,720,720,880,1000,880,880,880,720,720,720,590,590,590,720,720,880,MEDIUM(62)
công ty tài chính hd saison,Competitor_HDSaison,Vietnam,VI,1300,590,1000,880,880,1000,880,720,720,590,590,480,390,390,590,480,390,390,390,390,390,590,390,390,LOW(4)
cong ty tai chinh hdsaison,Competitor_HDSaison,Vietnam,VI,1300,590,1000,880,880,1000,880,720,720,590,590,480,390,390,590,480,390,390,390,390,390,590,390,390,LOW(4)
vay hd,Competitor_HDSaison,Vietnam,VI,590,320,590,590,590,720,590,590,590,590,720,590,480,480,590,590,480,590,590,480,590,590,590,590,HIGH(73)
vay tiền hd saison,Competitor_HDSaison,Vietnam,VI,880,590,720,880,880,720,720,590,590,590,590,720,480,390,480,480,390,390,390,390,390,390,320,390,MEDIUM(67)
thủ tục vay hd saison,Competitor_HDSaison,Vietnam,VI,1000,480,720,720,880,880,880,720,590,590,590,590,390,320,390,210,260,210,210,170,170,210,210,210,MEDIUM(38)
hd saison trả góp,Competitor_HDSaison,Vietnam,VI,720,390,590,480,480,390,390,480,390,390,390,480,480,390,390,390,320,480,480,390,480,590,480,480,LOW(12)
trả góp hd saison,Competitor_HDSaison,Vietnam,VI,590,480,480,480,480,480,480,480,480,480,390,390,320,390,390,320,320,260,320,320,320,260,210,260,LOW(4)
điều kiện vay hd saison,Competitor_HDSaison,Vietnam,VI,480,260,480,480,480,480,390,480,480,390,480,390,390,320,390,320,320,260,260,260,260,260,210,260,LOW(19)
vay tiền hd saison không trả,Competitor_HDSaison,Vietnam,VI,260,210,390,320,480,390,390,390,320,320,320,320,260,260,210,210,170,170,210,260,210,260,260,320,LOW(2)
vay hd saison online,Competitor_HDSaison,Vietnam,VI,880,480,480,480,390,390,320,320,390,210,110,70,50,40,50,40,50,50,50,50,40,70,70,90,MEDIUM(66)
vay tiền mặt hd saison,Competitor_HDSaison,Vietnam,VI,480,210,320,260,320,320,320,260,210,210,170,210,170,140,170,140,170,170,170,170,170,140,140,110,MEDIUM(59)
cong ty hd,Competitor_HDSaison,Vietnam,VI,210,140,260,210,210,260,170,170,140,210,170,170,170,140,170,140,170,170,170,110,210,170,210,140,LOW(0)
vay hdsaison,Competitor_HDSaison,Vietnam,VI,170,50,90,170,210,260,260,210,260,210,210,210,210,170,170,140,110,110,90,140,210,210,170,210,HIGH(69)
mở the tín dụng hd saison online,Competitor_HDSaison,Vietnam,VI,590,210,260,390,260,260,320,210,170,170,170,260,140,110,90,70,90,70,70,50,50,70,70,40,MEDIUM(65)
app hd saison,Competitor_HDSaison,Vietnam,VI,320,90,480,260,210,210,170,260,210,170,140,210,110,110,140,110,110,110,110,110,110,90,110,140,LOW(9)
hd saison trả góp điện thoại,Competitor_HDSaison,Vietnam,VI,320,260,260,260,210,210,210,170,210,170,260,170,140,140,140,90,70,90,90,70,110,110,90,90,HIGH(97)
vay tín chấp hd saison,Competitor_HDSaison,Vietnam,VI,390,170,320,260,260,260,170,170,140,170,170,170,90,90,70,90,140,110,90,90,90,90,110,140,HIGH(68)
mở thẻ tín dụng hd saison,Competitor_HDSaison,Vietnam,VI,320,140,170,210,170,140,210,170,170,140,140,170,140,110,140,110,110,140,140,140,140,170,140,90,HIGH(69)
cty tài chính hd saison,Competitor_HDSaison,Vietnam,VI,320,170,320,170,210,210,260,170,170,110,110,110,70,70,140,140,110,110,110,90,90,140,70,50,LOW(9)
đăng ký tài khoản hd saison,Competitor_HDSaison,Vietnam,VI,320,110,210,260,140,170,140,140,140,140,140,140,110,70,140,90,110,140,110,90,110,140,140,140,LOW(15)
vay tiêu dùng hd saison,Competitor_HDSaison,Vietnam,VI,170,70,140,170,170,170,110,110,140,110,140,140,90,70,70,90,90,70,70,70,90,70,110,110,MEDIUM(60)
vay hd saison qua app,Competitor_HDSaison,Vietnam,VI,50,40,70,40,40,30,50,40,30,30,40,30,40,10,260,320,210,210,140,90,170,140,170,170,HIGH(67)
đăng ký vay hd saison,Competitor_HDSaison,Vietnam,VI,110,40,90,140,90,70,90,90,90,70,70,90,110,70,110,90,90,110,110,110,110,90,90,110,HIGH(71)
saison hd,Competitor_HDSaison,Vietnam,VI,320,140,170,170,110,90,90,90,70,70,70,50,40,50,50,40,50,90,110,90,70,50,70,90,LOW(20)
tài hd saison,Competitor_HDSaison,Vietnam,VI,260,70,260,140,70,90,110,140,170,110,110,110,70,50,40,50,70,50,50,50,40,20,20,40,LOW(18)
vay online hd saison,Competitor_HDSaison,Vietnam,VI,140,110,110,70,90,140,110,140,20,20,70,90,90,70,70,90,70,90,70,70,90,70,70,110,HIGH(69)
đăng ký hd saison,Competitor_HDSaison,Vietnam,VI,110,50,110,90,70,70,70,70,90,90,90,70,70,70,90,70,70,70,70,70,70,110,90,90,MEDIUM(59)
điều kiện mở the tín dụng hd saison,Competitor_HDSaison,Vietnam,VI,210,110,170,110,110,140,110,110,90,70,90,110,90,40,50,30,50,30,20,40,20,10,10,10,UNSPECIFIED
công ty tài chính hd,Competitor_HDSaison,Vietnam,VI,110,70,140,110,90,90,110,110,50,70,70,90,40,70,70,70,70,50,90,50,50,50,40,70,LOW(5)
vay ngân hàng hd saison,Competitor_HDSaison,Vietnam,VI,110,50,70,50,90,70,110,110,50,90,70,70,50,70,50,40,50,50,50,40,30,40,30,30,MEDIUM(63)
vay trả góp hd saison,Competitor_HDSaison,Vietnam,VI,90,70,90,70,70,90,70,70,70,90,70,70,50,40,50,40,50,50,40,40,50,40,30,40,MEDIUM(43)
vay vốn hd saison,Competitor_HDSaison,Vietnam,VI,110,50,90,70,110,110,70,70,40,50,70,30,30,50,40,50,40,40,50,20,30,30,40,40,HIGH(74)
hd saison vay online,Competitor_HDSaison,Vietnam,VI,70,20,30,20,30,50,40,40,30,50,40,50,50,40,30,40,30,210,30,30,30,70,110,90,MEDIUM(63)
hd saison app,Competitor_HDSaison,Vietnam,VI,50,40,210,90,50,40,40,40,40,50,50,50,30,70,40,50,40,30,40,30,30,50,20,30,LOW(8)
vay app hd saison,Competitor_HDSaison,Vietnam,VI,70,40,90,70,70,70,70,50,50,70,70,70,50,30,20,40,30,20,30,30,30,30,30,30,MEDIUM(58)
cách vay online hd saison,Competitor_HDSaison,Vietnam,VI,30,10,20,20,20,20,10,20,30,40,40,30,40,20,20,50,50,30,40,20,30,70,140,320,MEDIUM(59)
cty tai chinh tnhh hd saison,Competitor_HDSaison,Vietnam,VI,90,30,110,70,90,50,50,70,70,40,50,50,20,30,30,30,30,20,30,30,20,20,30,20,LOW(4)
cty tài chính tnhh hd saison,Competitor_HDSaison,Vietnam,VI,90,30,110,70,90,50,50,70,70,40,50,50,20,30,30,30,30,20,30,30,20,20,30,20,LOW(4)
vay 10 triệu hd saison,Competitor_HDSaison,Vietnam,VI,140,70,50,50,70,40,70,50,40,50,40,40,40,20,30,20,30,30,30,30,30,30,20,20,HIGH(72)
tông đai hd saison,Competitor_HDSaison,Vietnam,VI,90,50,70,70,50,70,40,30,20,30,40,40,40,30,50,40,50,70,50,20,10,10,10,40,LOW(16)
các gói vay hd saison,Competitor_HDSaison,Vietnam,VI,30,20,40,30,30,40,50,50,50,50,50,70,30,40,40,50,50,30,20,40,30,50,70,50,LOW(31)
cty tnhh hd saison,Competitor_HDSaison,Vietnam,VI,70,30,110,70,40,90,70,70,70,50,40,50,20,10,20,20,10,10,20,20,20,20,20,10,LOW(0)
vay tín dụng hd saison,Competitor_HDSaison,Vietnam,VI,70,30,50,90,70,70,50,50,40,40,50,40,30,20,30,20,20,30,20,20,30,20,40,20,MEDIUM(50)
app hdsaison,Competitor_HDSaison,Vietnam,VI,50,20,110,70,50,50,40,40,40,20,50,30,30,20,50,40,30,30,40,20,30,30,20,20,LOW(1)
cty hdsaison,Competitor_HDSaison,Vietnam,VI,70,20,70,40,40,40,70,70,50,40,20,30,10,30,40,30,30,30,30,20,30,70,30,10,LOW(2)
cách đăng ký app hd saison,Competitor_HDSaison,Vietnam,VI,110,50,70,50,40,40,40,30,40,20,30,30,30,30,30,30,30,10,20,20,40,40,30,40,LOW(2)
mở thẻ hd saison,Competitor_HDSaison,Vietnam,VI,110,50,50,50,40,40,30,30,30,30,30,40,40,20,30,20,20,10,20,20,10,20,10,30,MEDIUM(53)
vay tiền online hd saison,Competitor_HDSaison,Vietnam,VI,70,30,50,40,20,40,50,40,30,30,40,30,30,20,20,30,20,20,20,20,30,20,20,30,HIGH(81)
tạo tài khoản hd saison,Competitor_HDSaison,Vietnam,VI,40,10,30,40,40,30,30,30,30,50,20,30,40,20,20,40,20,20,30,30,30,30,30,30,LOW(6)
hd saison vay trả góp,Competitor_HDSaison,Vietnam,VI,50,40,40,30,40,40,40,50,30,30,30,30,20,10,10,10,20,10,10,10,20,10,40,40,MEDIUM(56)
làm thẻ tín dụng hd saison,Competitor_HDSaison,Vietnam,VI,50,30,40,50,50,30,50,30,30,40,30,30,30,20,30,20,10,10,10,10,10,10,10,10,MEDIUM(47)
mở the tín dụng hd saison,Competitor_HDSaison,Vietnam,VI,90,50,50,70,50,40,40,40,20,20,10,30,30,10,10,10,10,10,0,10,10,0,10,10,LOW(29)
có nên vay hd saison,Competitor_HDSaison,Vietnam,VI,50,20,30,40,30,30,40,30,30,40,30,30,30,10,20,20,10,20,20,10,10,30,20,30,LOW(8)
cty tai chinh hd saison,Competitor_HDSaison,Vietnam,VI,40,30,70,40,50,50,50,30,30,40,30,10,20,20,30,10,10,10,10,10,10,10,10,10,LOW(2)
vay tiền bên hd saison,Competitor_HDSaison,Vietnam,VI,40,20,40,30,30,50,20,20,30,40,30,30,20,20,10,10,10,10,20,10,20,20,10,20,MEDIUM(54)
app vay tiền hd saison,Competitor_HDSaison,Vietnam,VI,40,10,20,20,20,10,20,20,20,20,20,20,20,10,20,10,20,30,10,20,20,20,70,20,MEDIUM(65)
vay tiền ngân hàng hd saison,Competitor_HDSaison,Vietnam,VI,90,20,20,10,30,20,20,40,40,30,10,10,10,10,10,10,10,10,10,10,10,10,20,10,MEDIUM(60)
đăng ký the tín dụng hd saison,Competitor_HDSaison,Vietnam,VI,50,20,30,20,10,20,20,20,20,20,30,20,10,10,20,10,20,20,10,10,10,10,10,10,LOW(0)
vay tiền trả góp hd saison,Competitor_HDSaison,Vietnam,VI,20,20,30,20,10,20,20,10,20,10,10,10,20,50,10,10,20,10,10,10,10,10,10,10,MEDIUM(64)
ngan hang hdsaison,Competitor_HDSaison,Vietnam,VI,50,20,30,10,10,20,30,10,10,10,20,20,10,20,10,20,10,10,10,10,10,10,10,10,LOW(14)
vay tiền nhanh hd saison,Competitor_HDSaison,Vietnam,VI,50,20,20,20,10,20,20,10,20,10,10,10,10,10,10,10,10,10,10,10,10,10,10,10,HIGH(86)
tài ứng dụng hd saison,Competitor_HDSaison,Vietnam,VI,30,10,30,20,20,10,10,10,10,10,20,10,10,10,10,10,10,10,10,10,10,10,10,10,LOW(0)
đăng ký thẻ tín dụng hd saison,Competitor_HDSaison,Vietnam,VI,40,10,10,20,10,20,10,10,10,10,10,10,10,20,10,10,10,10,10,10,10,10,20,10,MEDIUM(65)
cho vay hd saison,Competitor_HDSaison,Vietnam,VI,10,10,10,10,10,10,20,10,10,10,20,20,10,20,10,10,10,20,10,10,10,10,10,10,MEDIUM(59)
vay tiền mặt tại hd saison,Competitor_HDSaison,Vietnam,VI,10,10,10,10,10,10,10,10,10,10,10,10,10,10,10,10,10,0,10,10,10,10,10,10,HIGH(86)
tại hd saison,Competitor_HDSaison,Vietnam,VI,10,10,20,10,0,0,10,10,10,10,10,10,10,0,10,10,10,0,10,10,10,10,10,10,LOW(0)
cho vay tin chap hd saison,Competitor_HDSaison,Vietnam,VI,10,10,10,10,10,10,10,10,10,10,10,10,10,10,0,10,10,10,10,0,10,0,10,10,UNSPECIFIED
có nên vay tiền hd saison,Competitor_HDSaison,Vietnam,VI,10,10,10,10,10,10,10,10,10,10,10,10,10,10,0,0,10,10,10,0,10,10,10,10,LOW(14)
có nên mua trả góp hd saison,Competitor_HDSaison,Vietnam,VI,10,10,10,10,10,10,10,0,10,10,10,10,10,10,10,0,10,10,0,0,0,10,0,10,UNSPECIFIED
cho vay tiêu dùng hd saison,Competitor_HDSaison,Vietnam,VI,10,10,10,10,10,0,10,0,0,0,10,10,10,0,10,10,10,10,10,10,10,10,0,0,LOW(14)
cho vay tiền mặt hd saison,Competitor_HDSaison,Vietnam,VI,10,0,0,10,10,0,10,10,0,0,0,0,10,10,0,10,0,10,0,0,0,0,0,0,UNSPECIFIED
có nên làm việc tại hd saison,Competitor_HDSaison,Vietnam,VI,0,10,0,10,10,0,0,0,10,10,0,0,0,0,0,0,0,0,0,10,0,0,0,0,LOW(0)
hd saison hỗ trợ mùa dịch,Competitor_HDSaison,Vietnam,VI,10,10,0,0,0,0,0,10,0,0,0,10,0,0,0,0,0,0,0,0,0,0,0,10,UNSPECIFIED
cho vay tien hd saison,Competitor_HDSaison,Vietnam,VI,0,10,10,0,0,0,10,0,0,0,0,0,0,0,0,0,0,0,0,0,10,0,0,0,UNSPECIFIED
công ty hd sai son,Competitor_HDSaison,Vietnam,VI,0,0,10,0,0,0,0,0,0,0,0,0,0,0,10,0,0,0,0,0,10,0,0,0,UNSPECIFIED
mcredit,Competitor_mCredit,Vietnam,VI,49500,27100,40500,40500,40500,40500,40500,33100,33100,33100,33100,33100,27100,27100,33100,27100,27100,33100,27100,27100,27100,27100,27100,27100,MEDIUM(42)
m credit,Competitor_mCredit,Vietnam,VI,49500,27100,40500,40500,40500,40500,40500,33100,33100,33100,33100,33100,27100,27100,33100,27100,27100,33100,27100,27100,27100,27100,27100,27100,MEDIUM(42)
vay mcredit,Competitor_mCredit,Vietnam,VI,3600,1900,2400,2400,2400,2900,2900,2400,2400,2900,2400,2900,2400,1600,2400,1900,1900,1900,1900,1900,1900,1900,1900,1900,MEDIUM(63)
mcredit vay,Competitor_mCredit,Vietnam,VI,1600,880,1300,1000,1000,1300,1900,1900,1600,1300,1000,1300,1300,880,1300,1300,1300,1300,1300,1000,1000,1000,1300,1900,MEDIUM(65)
ngân hàng mcredit,Competitor_mCredit,Vietnam,VI,1900,880,1300,1300,1300,1300,1300,1300,1000,1300,1000,1000,880,880,1000,1000,1000,880,880,880,880,880,880,880,LOW(10)
mcredit vay trả góp,Competitor_mCredit,Vietnam,VI,70,140,590,720,880,1000,1300,1000,1000,1300,1300,1300,1000,880,720,880,880,1000,1000,880,1000,1000,1000,1300,MEDIUM(60)
mcredit cho vay nặng lãi,Competitor_mCredit,Vietnam,VI,1900,880,1600,1300,1300,1000,1000,1000,880,880,880,880,720,590,720,720,720,720,720,720,720,720,720,590,LOW(4)
điều kiện vay mcredit,Competitor_mCredit,Vietnam,VI,720,390,590,720,720,720,720,590,590,720,590,4400,590,390,720,480,480,590,480,590,480,480,390,390,LOW(30)
vay nhanh mcredit,Competitor_mCredit,Vietnam,VI,170,90,140,140,590,1300,880,880,880,880,880,880,880,590,880,880,880,880,480,260,260,260,260,260,LOW(0)
công ty tài chính mcredit,Competitor_mCredit,Vietnam,VI,1000,480,1000,1000,1000,880,880,1000,720,720,590,720,390,390,390,320,260,260,320,260,210,210,210,320,LOW(9)
có nên vay mcredit,Competitor_mCredit,Vietnam,VI,1300,590,720,880,720,720,720,720,480,720,480,880,480,320,390,260,260,260,260,260,260,170,170,170,LOW(9)
1900636769,Competitor_mCredit,Vietnam,VI,720,320,480,480,590,590,590,480,480,480,480,480,390,390,480,390,480,390,480,390,390,390,390,390,LOW(2)
vay tiền mcredit,Competitor_mCredit,Vietnam,VI,880,480,720,590,720,590,590,480,390,480,390,390,390,260,390,320,320,260,320,260,320,320,260,210,HIGH(67)
cách vay mcredit,Competitor_mCredit,Vietnam,VI,480,260,320,320,390,480,480,390,390,480,390,720,390,260,390,320,320,390,390,320,260,320,390,390,MEDIUM(60)
thẻ tín dụng mcredit,Competitor_mCredit,Vietnam,VI,590,320,390,390,390,390,390,320,320,390,390,390,260,320,390,390,320,320,320,390,320,320,260,320,LOW(28)
app mcredit,Competitor_mCredit,Vietnam,VI,480,260,390,320,480,390,320,320,320,390,320,390,260,210,320,260,260,260,320,260,210,320,320,320,LOW(32)
công ty mcredit,Competitor_mCredit,Vietnam,VI,590,260,480,390,480,390,480,390,320,320,320,260,210,260,320,260,260,260,260,210,260,260,210,210,LOW(3)
lãi suất mcredit,Competitor_mCredit,Vietnam,VI,720,390,480,390,320,390,390,320,260,320,390,480,320,260,320,170,170,210,170,210,170,260,210,210,LOW(8)
công ty tài chính mb shinsei,Competitor_mCredit,Vietnam,VI,320,140,320,260,260,260,260,320,260,320,320,320,210,260,320,210,170,170,210,170,140,170,170,210,LOW(7)
mcredit vay theo sim,Competitor_mCredit,Vietnam,VI,390,170,260,210,320,320,390,260,210,320,260,260,210,170,170,170,170,170,170,140,110,170,170,140,MEDIUM(63)
cty tài chính mcredit,Competitor_mCredit,Vietnam,VI,390,170,390,320,320,260,210,260,260,260,260,210,110,140,170,140,140,140,90,110,90,90,40,70,LOW(10)
mcredit lãi suất,Competitor_mCredit,Vietnam,VI,110,70,140,170,110,140,140,170,170,210,210,260,110,70,140,140,170,170,140,110,170,140,140,170,LOW(16)
mcredit tài chính thông minh,Competitor_mCredit,Vietnam,VI,210,70,110,140,90,140,110,140,170,210,170,170,170,110,170,170,170,210,170,170,140,140,90,90,MEDIUM(35)
tải app mcredit,Competitor_mCredit,Vietnam,VI,140,110,170,110,140,110,90,110,110,170,110,140,110,110,110,90,110,110,110,140,110,110,110,140,LOW(26)
vay tiêu dùng mcredit,Competitor_mCredit,Vietnam,VI,210,50,140,70,90,70,90,70,90,140,140,210,170,210,210,50,90,140,40,170,40,40,210,110,HIGH(69)
mcredit vay tiền mặt,Competitor_mCredit,Vietnam,VI,260,170,260,170,140,210,140,110,50,50,50,70,90,70,140,110,70,50,30,70,140,110,110,170,MEDIUM(66)
vay tiền mặt mcredit,Competitor_mCredit,Vietnam,VI,170,140,110,110,90,110,140,140,140,140,140,170,90,90,110,110,110,110,110,110,90,90,90,90,MEDIUM(54)
cty mb shinsei,Competitor_mCredit,Vietnam,VI,90,50,170,170,140,170,170,140,140,110,110,140,110,90,110,90,110,90,90,90,90,110,90,90,LOW(1)
trả góp mcredit,Competitor_mCredit,Vietnam,VI,170,110,140,140,110,140,170,140,170,170,170,140,110,90,90,90,90,110,70,70,70,70,50,70,LOW(10)
đăng ký vay mcredit,Competitor_mCredit,Vietnam,VI,170,90,140,140,140,110,170,170,110,140,110,110,110,70,70,70,70,70,50,90,70,70,90,90,MEDIUM(65)
cty mcredit,Competitor_mCredit,Vietnam,VI,170,50,140,170,210,170,140,140,110,110,90,110,70,70,90,90,90,90,70,50,90,50,70,70,LOW(7)
vay tiktak mcredit,Competitor_mCredit,Vietnam,VI,210,140,210,170,170,170,170,110,40,70,40,90,40,30,40,40,30,30,50,20,50,110,90,110,MEDIUM(57)
tải mcredit,Competitor_mCredit,Vietnam,VI,90,70,90,70,70,90,70,90,110,90,110,90,90,70,110,90,110,90,110,110,110,110,70,110,LOW(29)
vay online mcredit,Competitor_mCredit,Vietnam,VI,170,110,140,110,170,140,90,110,90,90,90,90,110,70,90,50,40,70,50,50,40,40,50,50,HIGH(77)
vay tín chấp mcredit,Competitor_mCredit,Vietnam,VI,260,90,170,110,170,170,170,110,70,90,50,70,40,40,70,50,30,50,50,50,40,50,50,30,MEDIUM(61)
cách xóa tài khoản mcredit,Competitor_mCredit,Vietnam,VI,210,90,210,170,140,70,90,50,50,70,70,70,50,40,40,70,50,30,50,50,30,40,70,70,LOW(0)
thẻ mcredit,Competitor_mCredit,Vietnam,VI,110,70,110,90,70,90,90,70,70,70,70,110,70,70,90,70,70,70,50,70,70,70,50,50,LOW(12)
mcredit app,Competitor_mCredit,Vietnam,VI,90,40,70,70,50,70,50,50,50,50,50,170,70,90,90,70,70,110,110,70,70,90,70,70,LOW(21)
vay mcredit online,Competitor_mCredit,Vietnam,VI,110,50,90,70,90,110,90,210,70,70,50,70,90,30,40,40,70,50,20,30,20,20,40,50,HIGH(69)
cty tài chính mb shinsei,Competitor_mCredit,Vietnam,VI,70,50,90,90,110,70,110,70,110,70,70,50,50,70,50,50,30,50,50,40,50,40,40,40,LOW(14)
vay hạn mức mcredit,Competitor_mCredit,Vietnam,VI,110,90,90,50,90,90,90,90,70,70,70,50,40,30,50,50,40,50,50,50,50,50,30,30,LOW(13)
vay trả góp mcredit,Competitor_mCredit,Vietnam,VI,90,40,90,70,70,70,50,70,70,70,50,70,70,50,70,40,50,50,40,40,40,40,50,40,MEDIUM(47)
thủ tục vay mcredit,Competitor_mCredit,Vietnam,VI,110,90,90,70,90,40,70,70,50,50,70,70,40,40,50,40,40,40,20,20,20,30,30,30,MEDIUM(39)
tài chính mcredit,Competitor_mCredit,Vietnam,VI,110,50,90,90,70,70,70,40,50,50,40,30,50,20,50,30,30,30,30,20,20,30,20,20,LOW(25)
vay theo sim mcredit,Competitor_mCredit,Vietnam,VI,90,20,50,40,70,40,40,30,20,40,50,70,50,40,50,50,40,40,40,30,30,40,40,40,HIGH(71)
vay bên mcredit,Competitor_mCredit,Vietnam,VI,70,20,70,50,70,30,50,30,40,50,20,50,20,20,30,40,20,40,40,40,30,40,50,50,LOW(33)
mb mcredit,Competitor_mCredit,Vietnam,VI,70,30,70,70,40,50,50,30,40,40,40,30,20,30,30,50,30,30,30,30,40,30,30,30,LOW(27)
cách vay tiền mcredit,Competitor_mCredit,Vietnam,VI,70,40,50,40,40,40,30,30,40,40,50,30,30,30,30,20,20,40,30,30,20,30,30,20,HIGH(72)
vay ngân hàng mcredit,Competitor_mCredit,Vietnam,VI,70,30,50,30,30,30,50,40,30,40,40,30,30,10,40,30,40,40,20,40,30,20,10,20,MEDIUM(51)
vay vốn mcredit,Competitor_mCredit,Vietnam,VI,90,30,70,70,70,30,40,30,50,10,30,20,20,20,30,20,30,20,20,20,20,20,10,10,MEDIUM(55)
vay theo cavet xe mcredit,Competitor_mCredit,Vietnam,VI,110,50,90,140,50,50,50,30,10,20,10,10,10,10,10,10,10,10,10,10,10,10,10,0,UNSPECIFIED
app vay mcredit,Competitor_mCredit,Vietnam,VI,40,10,30,40,50,30,30,20,20,20,40,30,30,20,40,30,30,40,20,20,30,30,30,40,MEDIUM(64)
mcredit thẻ tín dụng,Competitor_mCredit,Vietnam,VI,70,40,50,20,50,50,30,30,20,20,10,30,10,20,30,30,20,30,20,30,30,20,20,30,LOW(30)
vay tiền online mcredit,Competitor_mCredit,Vietnam,VI,40,20,30,30,50,50,40,40,40,40,40,30,30,20,30,30,10,20,30,20,20,10,10,10,HIGH(86)
app vay tiền mcredit,Competitor_mCredit,Vietnam,VI,40,20,30,30,50,50,30,30,30,10,20,30,30,30,10,30,10,30,20,20,30,20,20,30,HIGH(67)
cách vay tiền trên app mcredit,Competitor_mCredit,Vietnam,VI,40,20,40,40,20,30,50,30,20,20,20,20,30,20,20,20,10,10,10,20,20,20,10,10,MEDIUM(63)
vay tik tak mcredit,Competitor_mCredit,Vietnam,VI,50,20,50,40,30,30,40,40,20,10,10,20,10,10,10,10,10,10,20,10,10,20,20,30,MEDIUM(41)
ngân hàng quân đội mcredit,Competitor_mCredit,Vietnam,VI,30,30,50,20,30,30,50,30,40,20,10,10,10,10,20,10,20,10,20,20,10,10,20,20,LOW(8)
vay mcredit qua sim,Competitor_mCredit,Vietnam,VI,20,20,90,50,10,30,20,0,10,20,10,10,70,10,10,10,10,10,40,10,10,0,0,10,HIGH(71)
mcredit vay online,Competitor_mCredit,Vietnam,VI,50,10,10,20,20,30,20,20,10,20,20,10,10,20,20,10,20,10,10,30,10,10,10,20,HIGH(80)
công ty tài chính mb mcredit,Competitor_mCredit,Vietnam,VI,30,10,10,40,40,10,40,20,40,30,20,10,10,10,10,10,10,10,10,10,10,10,10,10,LOW(10)
vay mcredit theo sim,Competitor_mCredit,Vietnam,VI,10,50,40,10,20,20,10,30,50,10,10,10,10,40,10,10,10,10,10,10,10,0,10,10,LOW(0)
cho vay mcredit,Competitor_mCredit,Vietnam,VI,10,20,40,10,30,20,30,10,20,10,10,30,10,20,20,10,20,10,10,20,10,10,10,10,MEDIUM(37)
các gói vay mcredit,Competitor_mCredit,Vietnam,VI,10,10,20,20,10,10,10,20,20,10,20,20,20,10,20,20,30,10,10,10,10,20,20,20,LOW(33)
cách vay tiền trên mcredit,Competitor_mCredit,Vietnam,VI,20,10,30,20,20,20,30,20,10,10,20,20,20,10,20,20,10,10,10,10,10,10,10,10,MEDIUM(49)
cách đăng ký vay mcredit,Competitor_mCredit,Vietnam,VI,40,10,20,30,30,10,10,20,10,10,10,20,10,10,20,10,20,10,10,10,10,10,20,20,MEDIUM(59)
vay tiền nhanh mcredit,Competitor_mCredit,Vietnam,VI,40,10,20,20,20,20,20,10,20,20,10,10,10,10,10,10,10,10,10,10,10,10,10,10,MEDIUM(61)
các gói vay của mcredit,Competitor_mCredit,Vietnam,VI,20,10,10,10,20,20,10,10,20,20,20,10,10,10,10,10,10,10,10,10,10,10,10,20,MEDIUM(35)
có nên vay tiền mcredit,Competitor_mCredit,Vietnam,VI,40,20,10,20,10,10,10,10,10,10,10,10,10,10,10,10,10,10,10,10,10,10,10,10,HIGH(86)
công ty tài chính mb quân đội,Competitor_mCredit,Vietnam,VI,20,10,10,10,10,20,20,10,10,10,10,10,10,10,20,10,10,10,10,10,10,10,20,10,LOW(0)
làm thẻ tín dụng mcredit,Competitor_mCredit,Vietnam,VI,30,10,20,10,20,10,10,10,10,10,10,10,10,10,10,10,10,10,10,10,10,10,10,10,HIGH(71)
có nên vay tiền của mcredit,Competitor_mCredit,Vietnam,VI,20,10,10,10,10,10,10,10,10,10,10,10,10,10,10,10,10,10,10,10,10,10,10,0,UNSPECIFIED
tiktak mcredit,Competitor_mCredit,Vietnam,VI,10,10,10,10,10,10,10,10,10,10,10,10,10,0,10,10,10,10,10,10,10,10,10,10,LOW(0)
công ty tài chính mtv mb,Competitor_mCredit,Vietnam,VI,10,10,10,10,0,10,10,10,10,10,10,10,10,10,10,10,10,10,10,10,10,10,10,10,LOW(0)
có nên vay tín chấp mcredit,Competitor_mCredit,Vietnam,VI,10,10,10,0,10,10,0,10,10,10,10,10,10,0,10,0,10,0,0,10,10,10,10,0,UNSPECIFIED
cách hủy hồ sơ vay mcredit,Competitor_mCredit,Vietnam,VI,40,0,10,0,10,10,10,0,0,0,10,0,10,10,0,0,0,0,0,0,10,0,10,10,UNSPECIFIED
app ký hợp đồng mcredit,Competitor_mCredit,Vietnam,VI,10,0,10,10,0,10,10,0,10,0,10,10,0,0,0,0,0,0,0,10,10,0,0,0,UNSPECIFIED
chi ho mcredit,Competitor_mCredit,Vietnam,VI,10,10,10,10,0,0,10,10,0,0,0,10,0,0,0,10,0,0,0,0,10,0,10,0,UNSPECIFIED
cách ký hợp đồng điện tử mcredit,Competitor_mCredit,Vietnam,VI,10,0,0,0,0,10,0,0,0,0,0,10,10,10,0,0,10,10,0,10,0,10,10,0,UNSPECIFIED
công ty tài chính m credit,Competitor_mCredit,Vietnam,VI,10,0,10,10,10,10,10,10,0,10,0,0,0,0,0,0,0,0,0,0,0,0,10,0,UNSPECIFIED
bằng lãi suất mcredit,Competitor_mCredit,Vietnam,VI,10,0,0,0,0,10,10,10,0,0,0,0,0,0,0,0,0,0,0,0,0,0,0,0,UNSPECIFIED
